time="2026-04-11T01:49:00+02:00" level=warning msg="C:\\Users\\lgualandi\\Documents\\Development\\Parresia\\ErmesDart\\docker-compose-nat-symmetric.yml: the attribute `version` is obsolete, it will be ignored, please remove it to avoid potential confusion"
 Image alpine:3.19 Pulling 
 Image elguala96/signaling-contract-deployer:v1.0.2 Pulling 
 Image trufflesuite/ganache:latest Pulling 
 Image coturn/coturn:latest Pulling 
 02a23b10b0bd Pulling fs layer 0B
 b21337b36fa4 Pulling fs layer 0B
 f2b7aea2301e Pulling fs layer 0B
 201a049c3a80 Pulling fs layer 0B
 201a049c3a80 Downloading 1.049MB
 201a049c3a80 Downloading 1.754MB
 201a049c3a80 Download complete 0B
 4f4fb700ef54 Pulling fs layer 0B
 f18232174bc9 Pulling fs layer 0B
 dd71dde834b5 Pulling fs layer 0B
 1e5a4c89cee5 Pulling fs layer 0B
 25ff2da83641 Pulling fs layer 0B
 94dfa87d704c Pulling fs layer 0B
 d0143bbe2940 Pulling fs layer 0B
 45f596f5db79 Pulling fs layer 0B
 c28013ce7862 Pulling fs layer 0B
 189594475858 Pulling fs layer 0B
 449ae9028303 Pulling fs layer 0B
 603911942889 Pulling fs layer 0B
 4f4fb700ef54 Pulling fs layer 0B
 4f4fb700ef54 Already exists 0B
 b21337b36fa4 Downloading 1.049MB
 02a23b10b0bd Downloading 629.8kB
 b21337b36fa4 Downloading 1.049MB
 02a23b10b0bd Downloading 629.8kB
 b21337b36fa4 Downloading 2.097MB
 b21337b36fa4 Downloading 2.097MB
 02a23b10b0bd Download complete 0B
 dce0150271ad Pulling fs layer 0B
 5b5fe70539cd Pulling fs layer 0B
 b6b4ba8b66ef Pulling fs layer 0B
 a94a80c1968d Pulling fs layer 0B
 18d96a48dd18 Pulling fs layer 0B
 e64b1a602d1c Pulling fs layer 0B
 5f692c7d3e30 Pulling fs layer 0B
 80c0304abda6 Pulling fs layer 0B
 17a39c0ba978 Pulling fs layer 0B
 b21337b36fa4 Downloading 3.146MB
 5cbbf2b71ab6 Downloading 1.263kB
 b21337b36fa4 Downloading 3.146MB
 5cbbf2b71ab6 Downloading 1.263kB
 b21337b36fa4 Downloading 3.146MB
 5cbbf2b71ab6 Download complete 0B
 b21337b36fa4 Downloading 4.194MB
 b21337b36fa4 Downloading 4.194MB
 f2b7aea2301e Downloading 1.049MB
 b21337b36fa4 Downloading 5.243MB
 f2b7aea2301e Downloading 1.049MB
 b21337b36fa4 Downloading 5.243MB
 f2b7aea2301e Downloading 1.049MB
 cf81ff228f5a Download complete 0B
 b21337b36fa4 Downloading 5.243MB
 f2b7aea2301e Downloading 1.049MB
 25ff2da83641 Download complete 0B
 f2b7aea2301e Downloading 1.049MB
 b21337b36fa4 Downloading 5.243MB
 94dfa87d704c Download complete 0B
 b21337b36fa4 Downloading 5.243MB
 f2b7aea2301e Downloading 1.049MB
 fd18d7b2aa35 Download complete 0B
 b21337b36fa4 Downloading 5.243MB
 f2b7aea2301e Downloading 1.049MB
 449ae9028303 Download complete 0B
 b21337b36fa4 Downloading 6.291MB
 f2b7aea2301e Downloading 1.049MB
 b6b4ba8b66ef Downloading 3.353kB
 b21337b36fa4 Downloading 6.291MB
 f2b7aea2301e Downloading 1.049MB
 b6b4ba8b66ef Download complete 0B
 45f596f5db79 Downloading 81.37kB
 b21337b36fa4 Downloading 6.291MB
 f2b7aea2301e Downloading 2.097MB
 dd71dde834b5 Downloading 1.049MB
 45f596f5db79 Download complete 0B
 189594475858 Downloading 102.7kB
 b21337b36fa4 Downloading 6.291MB
 f2b7aea2301e Downloading 2.097MB
 e64b1a602d1c Download complete 0B
 189594475858 Download complete 0B
 dd71dde834b5 Downloading 1.049MB
 b21337b36fa4 Downloading 6.291MB
 f2b7aea2301e Downloading 2.097MB
 5f692c7d3e30 Download complete 0B
 dd71dde834b5 Downloading 1.049MB
 b21337b36fa4 Downloading 6.291MB
 f2b7aea2301e Downloading 2.097MB
 dd71dde834b5 Downloading 1.049MB
 b21337b36fa4 Downloading 6.291MB
 f2b7aea2301e Downloading 2.097MB
 dd71dde834b5 Downloading 1.049MB
 b21337b36fa4 Downloading 6.291MB
 f2b7aea2301e Downloading 2.097MB
 dd71dde834b5 Downloading 1.049MB
 1e5a4c89cee5 Downloading 1.049MB
 b21337b36fa4 Downloading 6.291MB
 f2b7aea2301e Downloading 2.097MB
 dd71dde834b5 Downloading 1.049MB
 1e5a4c89cee5 Downloading 1.049MB
 b21337b36fa4 Downloading 7.34MB
 f2b7aea2301e Downloading 2.097MB
 ef1614f30685 Download complete 0B
 dd71dde834b5 Downloading 2.097MB
 1e5a4c89cee5 Downloading 1.049MB
 b21337b36fa4 Downloading 7.34MB
 f2b7aea2301e Downloading 2.097MB
 dd71dde834b5 Downloading 2.097MB
 1e5a4c89cee5 Downloading 1.049MB
 b21337b36fa4 Downloading 7.34MB
 f2b7aea2301e Downloading 2.097MB
 dd71dde834b5 Downloading 2.097MB
 b21337b36fa4 Downloading 7.34MB
 f2b7aea2301e Downloading 2.097MB
 dd71dde834b5 Downloading 2.097MB
 1e5a4c89cee5 Download complete 0B
 b21337b36fa4 Downloading 7.34MB
 f2b7aea2301e Downloading 2.097MB
 dce0150271ad Downloading 1.049MB
 b21337b36fa4 Downloading 7.34MB
 f2b7aea2301e Downloading 2.097MB
 f18232174bc9 Downloading 1.049MB
 dd71dde834b5 Downloading 3.146MB
 dce0150271ad Downloading 1.049MB
 dd71dde834b5 Downloading 3.146MB
 f18232174bc9 Downloading 1.049MB
 b21337b36fa4 Downloading 7.34MB
 f2b7aea2301e Downloading 2.097MB
 dce0150271ad Downloading 1.049MB
 f18232174bc9 Downloading 1.049MB
 dd71dde834b5 Downloading 3.146MB
 b21337b36fa4 Downloading 7.34MB
 f2b7aea2301e Downloading 2.097MB
 dce0150271ad Downloading 1.049MB
 dd71dde834b5 Downloading 3.146MB
 f18232174bc9 Downloading 1.049MB
 b21337b36fa4 Downloading 7.34MB
 f2b7aea2301e Downloading 2.097MB
 dce0150271ad Downloading 1.049MB
 f18232174bc9 Downloading 1.049MB
 dd71dde834b5 Downloading 3.146MB
 b21337b36fa4 Downloading 8.389MB
 f2b7aea2301e Downloading 3.146MB
 dce0150271ad Downloading 1.049MB
 dd71dde834b5 Downloading 4.194MB
 f18232174bc9 Downloading 1.049MB
 b21337b36fa4 Downloading 8.389MB
 f2b7aea2301e Downloading 3.146MB
 f18232174bc9 Downloading 1.049MB
 dd71dde834b5 Downloading 4.194MB
 dce0150271ad Downloading 1.049MB
 b21337b36fa4 Downloading 8.389MB
 f2b7aea2301e Downloading 3.146MB
 dd71dde834b5 Downloading 4.194MB
 f18232174bc9 Downloading 1.049MB
 dce0150271ad Downloading 2.097MB
 5b5fe70539cd Downloading 1.049MB
 f2b7aea2301e Downloading 3.146MB
 b21337b36fa4 Downloading 8.389MB
 f18232174bc9 Downloading 1.049MB
 dd71dde834b5 Downloading 4.194MB
 dce0150271ad Downloading 2.097MB
 5b5fe70539cd Downloading 1.049MB
 b21337b36fa4 Downloading 8.389MB
 f2b7aea2301e Downloading 3.146MB
 5b5fe70539cd Downloading 1.049MB
 dce0150271ad Downloading 2.097MB
 dd71dde834b5 Downloading 4.194MB
 f18232174bc9 Downloading 1.049MB
 b21337b36fa4 Downloading 8.389MB
 f2b7aea2301e Downloading 3.146MB
 f18232174bc9 Downloading 1.049MB
 dd71dde834b5 Downloading 4.194MB
 dce0150271ad Downloading 2.097MB
 5b5fe70539cd Downloading 1.049MB
 b21337b36fa4 Downloading 8.389MB
 f2b7aea2301e Downloading 3.146MB
 f18232174bc9 Downloading 1.049MB
 dd71dde834b5 Downloading 4.194MB
 5b5fe70539cd Downloading 1.049MB
 dce0150271ad Downloading 2.097MB
 b21337b36fa4 Downloading 8.389MB
 f2b7aea2301e Downloading 3.146MB
 dd71dde834b5 Downloading 5.243MB
 603911942889 Downloading 1.049MB
 f18232174bc9 Downloading 1.049MB
 dce0150271ad Downloading 2.097MB
 5b5fe70539cd Downloading 1.049MB
 b21337b36fa4 Downloading 8.389MB
 f2b7aea2301e Downloading 3.146MB
 dce0150271ad Downloading 2.097MB
 5b5fe70539cd Downloading 1.049MB
 dd71dde834b5 Downloading 6.291MB
 d0143bbe2940 Downloading 1.049MB
 603911942889 Downloading 1.049MB
 f18232174bc9 Downloading 1.049MB
 b21337b36fa4 Downloading 8.389MB
 f2b7aea2301e Downloading 3.146MB
 dce0150271ad Downloading 3.146MB
 5b5fe70539cd Downloading 1.049MB
 dd71dde834b5 Downloading 6.291MB
 d0143bbe2940 Downloading 1.049MB
 603911942889 Downloading 1.049MB
 f18232174bc9 Downloading 1.049MB
 b21337b36fa4 Downloading 8.389MB
 f2b7aea2301e Downloading 3.146MB
 dce0150271ad Downloading 3.146MB
 5b5fe70539cd Downloading 1.049MB
 18d96a48dd18 Downloading 1.049MB
 603911942889 Downloading 1.049MB
 f18232174bc9 Downloading 1.049MB
 dd71dde834b5 Downloading 6.291MB
 d0143bbe2940 Downloading 1.049MB
 c28013ce7862 Downloading 1.049MB
 b21337b36fa4 Downloading 8.389MB
 f2b7aea2301e Downloading 3.146MB
 dce0150271ad Downloading 3.732MB
 80c0304abda6 Downloading 1.049MB
 5b5fe70539cd Downloading 1.049MB
 18d96a48dd18 Downloading 1.049MB
 dd71dde834b5 Downloading 6.291MB
 d0143bbe2940 Downloading 1.049MB
 c28013ce7862 Downloading 1.049MB
 603911942889 Downloading 1.049MB
 f18232174bc9 Downloading 1.049MB
 b21337b36fa4 Downloading 8.389MB
 f2b7aea2301e Downloading 3.146MB
 80c0304abda6 Downloading 1.049MB
 5b5fe70539cd Downloading 1.049MB
 18d96a48dd18 Downloading 1.049MB
 c28013ce7862 Downloading 1.049MB
 603911942889 Downloading 1.049MB
 f18232174bc9 Downloading 1.049MB
 dd71dde834b5 Downloading 7.34MB
 d0143bbe2940 Downloading 1.049MB
 b21337b36fa4 Downloading 8.389MB
 f2b7aea2301e Downloading 3.146MB
 dce0150271ad Download complete 0B
 80c0304abda6 Downloading 1.049MB
 5b5fe70539cd Downloading 1.049MB
 18d96a48dd18 Downloading 1.049MB
 d0143bbe2940 Downloading 1.049MB
 c28013ce7862 Downloading 1.049MB
 603911942889 Downloading 1.049MB
 f18232174bc9 Downloading 1.049MB
 dd71dde834b5 Downloading 7.34MB
 f2b7aea2301e Downloading 3.146MB
 b21337b36fa4 Downloading 8.389MB
 dd71dde834b5 Downloading 8.389MB
 d0143bbe2940 Downloading 1.049MB
 c28013ce7862 Downloading 1.049MB
 603911942889 Downloading 1.049MB
 f18232174bc9 Downloading 1.049MB
 80c0304abda6 Downloading 1.049MB
 5b5fe70539cd Downloading 1.049MB
 18d96a48dd18 Downloading 1.049MB
 b21337b36fa4 Downloading 8.389MB
 f2b7aea2301e Downloading 3.146MB
 17a39c0ba978 Downloading 1.049MB
 80c0304abda6 Downloading 1.049MB
 5b5fe70539cd Downloading 2.097MB
 a94a80c1968d Downloading 1.049MB
 18d96a48dd18 Downloading 1.049MB
 f18232174bc9 Downloading 1.049MB
 dd71dde834b5 Downloading 8.389MB
 d0143bbe2940 Downloading 1.049MB
 c28013ce7862 Downloading 1.049MB
 603911942889 Downloading 1.049MB
 b21337b36fa4 Downloading 9.437MB
 f2b7aea2301e Downloading 3.146MB
 17a39c0ba978 Downloading 1.049MB
 80c0304abda6 Downloading 1.049MB
 5b5fe70539cd Downloading 2.097MB
 a94a80c1968d Downloading 1.049MB
 18d96a48dd18 Downloading 1.049MB
 f18232174bc9 Downloading 1.049MB
 dd71dde834b5 Downloading 8.884MB
 d0143bbe2940 Downloading 1.049MB
 c28013ce7862 Downloading 1.049MB
 603911942889 Downloading 1.049MB
 f2b7aea2301e Downloading 3.146MB
 b21337b36fa4 Downloading 9.437MB
 17a39c0ba978 Downloading 1.049MB
 80c0304abda6 Downloading 1.049MB
 5b5fe70539cd Downloading 2.097MB
 a94a80c1968d Downloading 1.049MB
 18d96a48dd18 Downloading 1.049MB
 dd71dde834b5 Downloading 9.437MB
 d0143bbe2940 Downloading 1.049MB
 c28013ce7862 Downloading 1.049MB
 603911942889 Downloading 1.049MB
 f18232174bc9 Downloading 1.049MB
 b21337b36fa4 Downloading 9.437MB
 f2b7aea2301e Downloading 3.146MB
 17a39c0ba978 Downloading 1.049MB
 80c0304abda6 Downloading 1.049MB
 5b5fe70539cd Downloading 2.097MB
 a94a80c1968d Downloading 1.049MB
 18d96a48dd18 Downloading 1.049MB
 dd71dde834b5 Downloading 9.437MB
 d0143bbe2940 Downloading 1.049MB
 c28013ce7862 Downloading 1.049MB
 603911942889 Downloading 1.049MB
 f18232174bc9 Downloading 1.049MB
 b21337b36fa4 Downloading 9.437MB
 f2b7aea2301e Downloading 3.146MB
 17a39c0ba978 Downloading 1.049MB
 f18232174bc9 Downloading 1.049MB
 dd71dde834b5 Downloading 9.437MB
 d0143bbe2940 Downloading 1.049MB
 c28013ce7862 Downloading 1.049MB
 603911942889 Downloading 1.049MB
 5b5fe70539cd Downloading 2.097MB
 a94a80c1968d Downloading 1.049MB
 18d96a48dd18 Downloading 1.049MB
 80c0304abda6 Downloading 1.049MB
 b21337b36fa4 Downloading 9.437MB
 f2b7aea2301e Downloading 3.146MB
 17a39c0ba978 Downloading 1.049MB
 5b5fe70539cd Downloading 2.097MB
 a94a80c1968d Downloading 1.049MB
 18d96a48dd18 Downloading 1.049MB
 80c0304abda6 Downloading 1.049MB
 c28013ce7862 Downloading 1.049MB
 603911942889 Downloading 1.049MB
 f18232174bc9 Downloading 1.049MB
 dd71dde834b5 Downloading 10.49MB
 d0143bbe2940 Downloading 1.049MB
 b21337b36fa4 Downloading 9.437MB
 f2b7aea2301e Downloading 3.146MB
 17a39c0ba978 Downloading 1.049MB
 80c0304abda6 Downloading 1.049MB
 5b5fe70539cd Downloading 2.097MB
 a94a80c1968d Downloading 1.049MB
 18d96a48dd18 Downloading 1.049MB
 dd71dde834b5 Downloading 10.49MB
 d0143bbe2940 Downloading 1.049MB
 c28013ce7862 Downloading 1.049MB
 603911942889 Downloading 1.049MB
 f18232174bc9 Downloading 1.049MB
 b21337b36fa4 Downloading 9.437MB
 f2b7aea2301e Downloading 3.146MB
 17a39c0ba978 Downloading 1.049MB
 c28013ce7862 Downloading 1.049MB
 603911942889 Downloading 1.049MB
 f18232174bc9 Downloading 1.049MB
 dd71dde834b5 Downloading 10.49MB
 d0143bbe2940 Downloading 1.049MB
 80c0304abda6 Downloading 1.049MB
 5b5fe70539cd Downloading 2.097MB
 a94a80c1968d Downloading 1.049MB
 18d96a48dd18 Downloading 1.049MB
 b21337b36fa4 Downloading 9.437MB
 f2b7aea2301e Downloading 3.146MB
 17a39c0ba978 Downloading 1.049MB
 f18232174bc9 Downloading 1.049MB
 dd71dde834b5 Downloading 11.53MB
 d0143bbe2940 Downloading 2.097MB
 c28013ce7862 Downloading 1.049MB
 603911942889 Downloading 1.049MB
 80c0304abda6 Downloading 1.049MB
 5b5fe70539cd Downloading 2.097MB
 a94a80c1968d Downloading 1.049MB
 18d96a48dd18 Downloading 1.049MB
 b21337b36fa4 Downloading 9.437MB
 f2b7aea2301e Downloading 3.146MB
 17a39c0ba978 Downloading 1.049MB
 5b5fe70539cd Downloading 3.146MB
 a94a80c1968d Downloading 1.049MB
 18d96a48dd18 Downloading 1.049MB
 80c0304abda6 Downloading 1.049MB
 dd71dde834b5 Downloading 11.53MB
 d0143bbe2940 Downloading 2.097MB
 c28013ce7862 Downloading 1.049MB
 603911942889 Downloading 1.049MB
 f18232174bc9 Downloading 1.049MB
 b21337b36fa4 Downloading 9.437MB
 f2b7aea2301e Downloading 3.146MB
 17a39c0ba978 Downloading 1.049MB
 80c0304abda6 Downloading 1.049MB
 5b5fe70539cd Downloading 3.146MB
 a94a80c1968d Downloading 1.049MB
 18d96a48dd18 Downloading 1.049MB
 dd71dde834b5 Downloading 11.53MB
 d0143bbe2940 Downloading 2.097MB
 c28013ce7862 Downloading 1.049MB
 603911942889 Downloading 1.049MB
 f18232174bc9 Downloading 1.049MB
 b21337b36fa4 Downloading 9.437MB
 f2b7aea2301e Downloading 3.146MB
 17a39c0ba978 Downloading 1.049MB
 d0143bbe2940 Downloading 2.097MB
 c28013ce7862 Downloading 1.049MB
 603911942889 Downloading 2.097MB
 f18232174bc9 Downloading 1.049MB
 80c0304abda6 Downloading 1.049MB
 dd71dde834b5 Downloading 11.53MB
 5b5fe70539cd Downloading 3.146MB
 a94a80c1968d Downloading 1.049MB
 18d96a48dd18 Downloading 1.049MB
 f2b7aea2301e Downloading 3.146MB
 b21337b36fa4 Downloading 9.437MB
 17a39c0ba978 Downloading 1.049MB
 80c0304abda6 Downloading 1.049MB
 5b5fe70539cd Downloading 3.146MB
 a94a80c1968d Downloading 1.049MB
 18d96a48dd18 Downloading 1.049MB
 dd71dde834b5 Downloading 12.58MB
 d0143bbe2940 Downloading 2.097MB
 c28013ce7862 Downloading 1.049MB
 603911942889 Downloading 2.097MB
 f18232174bc9 Downloading 1.049MB
 b21337b36fa4 Downloading 9.437MB
 f2b7aea2301e Downloading 3.146MB
 17a39c0ba978 Downloading 1.049MB
 5b5fe70539cd Downloading 3.146MB
 a94a80c1968d Downloading 1.049MB
 18d96a48dd18 Downloading 2.097MB
 80c0304abda6 Downloading 1.049MB
 c28013ce7862 Downloading 2.097MB
 603911942889 Downloading 2.097MB
 f18232174bc9 Downloading 1.049MB
 dd71dde834b5 Downloading 12.58MB
 d0143bbe2940 Downloading 2.097MB
 b21337b36fa4 Downloading 9.437MB
 f2b7aea2301e Downloading 3.146MB
 17a39c0ba978 Downloading 1.049MB
 18d96a48dd18 Downloading 2.097MB
 80c0304abda6 Downloading 1.049MB
 5b5fe70539cd Downloading 3.146MB
 a94a80c1968d Downloading 1.049MB
 d0143bbe2940 Downloading 2.097MB
 c28013ce7862 Downloading 2.097MB
 603911942889 Downloading 2.097MB
 f18232174bc9 Downloading 1.049MB
 dd71dde834b5 Downloading 12.58MB
 b21337b36fa4 Downloading 9.437MB
 f2b7aea2301e Downloading 3.146MB
 17a39c0ba978 Downloading 1.049MB
 f18232174bc9 Downloading 1.049MB
 dd71dde834b5 Downloading 13.63MB
 d0143bbe2940 Downloading 2.097MB
 5b5fe70539cd Downloading 3.146MB
 a94a80c1968d Downloading 1.049MB
 18d96a48dd18 Downloading 2.097MB
 c28013ce7862 Downloading 2.097MB
 80c0304abda6 Downloading 1.049MB
 603911942889 Downloading 2.097MB
 b21337b36fa4 Downloading 9.437MB
 f2b7aea2301e Downloading 3.146MB
 17a39c0ba978 Downloading 1.049MB
 80c0304abda6 Downloading 1.049MB
 5b5fe70539cd Downloading 3.146MB
 a94a80c1968d Downloading 1.049MB
 18d96a48dd18 Downloading 2.097MB
 dd71dde834b5 Downloading 13.63MB
 d0143bbe2940 Downloading 2.097MB
 c28013ce7862 Downloading 2.097MB
 603911942889 Downloading 2.097MB
 f18232174bc9 Downloading 1.049MB
 b21337b36fa4 Downloading 9.437MB
 f2b7aea2301e Downloading 4.194MB
 17a39c0ba978 Downloading 2.097MB
 80c0304abda6 Downloading 1.049MB
 5b5fe70539cd Downloading 3.146MB
 a94a80c1968d Downloading 1.049MB
 18d96a48dd18 Downloading 2.097MB
 c28013ce7862 Downloading 2.097MB
 603911942889 Downloading 2.097MB
 f18232174bc9 Downloading 1.049MB
 dd71dde834b5 Downloading 13.63MB
 d0143bbe2940 Downloading 2.097MB
 b21337b36fa4 Downloading 9.437MB
 f2b7aea2301e Downloading 4.194MB
 17a39c0ba978 Downloading 2.097MB
 5b5fe70539cd Downloading 3.146MB
 a94a80c1968d Downloading 1.049MB
 18d96a48dd18 Downloading 2.097MB
 80c0304abda6 Downloading 1.049MB
 f18232174bc9 Downloading 1.049MB
 dd71dde834b5 Downloading 14.68MB
 d0143bbe2940 Downloading 2.097MB
 c28013ce7862 Downloading 2.097MB
 603911942889 Downloading 2.097MB
 b21337b36fa4 Downloading 9.437MB
 f2b7aea2301e Downloading 4.194MB
 17a39c0ba978 Downloading 2.097MB
 80c0304abda6 Downloading 1.049MB
 5b5fe70539cd Downloading 3.146MB
 a94a80c1968d Downloading 2.097MB
 18d96a48dd18 Downloading 2.097MB
 dd71dde834b5 Downloading 14.68MB
 d0143bbe2940 Downloading 2.097MB
 c28013ce7862 Downloading 2.097MB
 603911942889 Downloading 2.097MB
 f18232174bc9 Downloading 1.049MB
 b21337b36fa4 Downloading 9.437MB
 f2b7aea2301e Downloading 4.194MB
 17a39c0ba978 Downloading 2.097MB
 5b5fe70539cd Downloading 3.146MB
 a94a80c1968d Downloading 2.097MB
 18d96a48dd18 Downloading 2.097MB
 80c0304abda6 Downloading 1.049MB
 d0143bbe2940 Downloading 2.097MB
 c28013ce7862 Downloading 2.097MB
 603911942889 Downloading 2.097MB
 f18232174bc9 Downloading 1.049MB
 dd71dde834b5 Downloading 14.68MB
 b21337b36fa4 Downloading 9.437MB
 f2b7aea2301e Downloading 4.194MB
 17a39c0ba978 Downloading 2.097MB
 a94a80c1968d Downloading 2.097MB
 18d96a48dd18 Downloading 2.097MB
 80c0304abda6 Downloading 1.049MB
 5b5fe70539cd Downloading 4.194MB
 dd71dde834b5 Downloading 15.73MB
 d0143bbe2940 Downloading 2.097MB
 c28013ce7862 Downloading 2.097MB
 603911942889 Downloading 2.097MB
 f18232174bc9 Downloading 1.049MB
 f2b7aea2301e Downloading 4.194MB
 b21337b36fa4 Downloading 9.437MB
 17a39c0ba978 Downloading 2.097MB
 a94a80c1968d Downloading 2.097MB
 18d96a48dd18 Downloading 2.097MB
 80c0304abda6 Downloading 1.049MB
 5b5fe70539cd Downloading 4.194MB
 dd71dde834b5 Downloading 15.73MB
 d0143bbe2940 Downloading 2.097MB
 c28013ce7862 Downloading 2.097MB
 603911942889 Downloading 2.097MB
 f18232174bc9 Downloading 1.049MB
 b21337b36fa4 Downloading 9.437MB
 f2b7aea2301e Downloading 4.194MB
 17a39c0ba978 Downloading 2.097MB
 dd71dde834b5 Downloading 15.73MB
 d0143bbe2940 Downloading 3.146MB
 c28013ce7862 Downloading 2.097MB
 603911942889 Downloading 2.097MB
 f18232174bc9 Downloading 1.049MB
 80c0304abda6 Downloading 1.049MB
 5b5fe70539cd Downloading 4.194MB
 a94a80c1968d Downloading 2.097MB
 18d96a48dd18 Downloading 2.097MB
 b21337b36fa4 Downloading 9.437MB
 f2b7aea2301e Downloading 4.194MB
 17a39c0ba978 Downloading 2.097MB
 80c0304abda6 Downloading 1.049MB
 5b5fe70539cd Downloading 4.194MB
 a94a80c1968d Downloading 2.097MB
 18d96a48dd18 Downloading 2.735MB
 603911942889 Downloading 2.097MB
 f18232174bc9 Downloading 1.049MB
 dd71dde834b5 Downloading 15.73MB
 d0143bbe2940 Downloading 3.146MB
 c28013ce7862 Downloading 2.097MB
 b21337b36fa4 Downloading 9.437MB
 f2b7aea2301e Downloading 4.194MB
 17a39c0ba978 Downloading 2.097MB
 80c0304abda6 Downloading 1.049MB
 5b5fe70539cd Downloading 4.194MB
 a94a80c1968d Downloading 2.097MB
 18d96a48dd18 Download complete 0B
 dd71dde834b5 Downloading 16.78MB
 d0143bbe2940 Downloading 3.146MB
 c28013ce7862 Downloading 2.097MB
 603911942889 Downloading 2.097MB
 f18232174bc9 Downloading 1.049MB
 b21337b36fa4 Downloading 9.437MB
 f2b7aea2301e Downloading 4.194MB
 17a39c0ba978 Downloading 2.097MB
 5b5fe70539cd Downloading 4.194MB
 a94a80c1968d Downloading 2.097MB
 80c0304abda6 Downloading 1.049MB
 dd71dde834b5 Downloading 16.78MB
 d0143bbe2940 Downloading 3.146MB
 c28013ce7862 Downloading 2.097MB
 603911942889 Downloading 2.097MB
 f18232174bc9 Downloading 1.049MB
 b21337b36fa4 Downloading 9.437MB
 f2b7aea2301e Downloading 4.194MB
 17a39c0ba978 Downloading 2.097MB
 5b5fe70539cd Downloading 4.194MB
 a94a80c1968d Downloading 2.097MB
 80c0304abda6 Downloading 1.049MB
 d0143bbe2940 Downloading 3.146MB
 c28013ce7862 Downloading 2.097MB
 603911942889 Downloading 2.097MB
 f18232174bc9 Downloading 1.049MB
 dd71dde834b5 Downloading 16.78MB
 b21337b36fa4 Downloading 9.437MB
 f2b7aea2301e Downloading 4.194MB
 17a39c0ba978 Downloading 2.097MB
 5b5fe70539cd Downloading 4.194MB
 a94a80c1968d Downloading 2.097MB
 80c0304abda6 Downloading 1.049MB
 dd71dde834b5 Downloading 17.83MB
 d0143bbe2940 Downloading 3.146MB
 c28013ce7862 Downloading 3.146MB
 603911942889 Downloading 2.097MB
 f18232174bc9 Downloading 1.049MB
 b21337b36fa4 Downloading 9.437MB
 f2b7aea2301e Downloading 4.194MB
 17a39c0ba978 Downloading 2.097MB
 a94a80c1968d Downloading 2.097MB
 80c0304abda6 Downloading 1.049MB
 5b5fe70539cd Downloading 5.243MB
 f18232174bc9 Downloading 1.049MB
 dd71dde834b5 Downloading 17.83MB
 d0143bbe2940 Downloading 3.146MB
 c28013ce7862 Downloading 3.146MB
 603911942889 Downloading 2.097MB
 b21337b36fa4 Downloading 9.437MB
 f2b7aea2301e Downloading 4.194MB
 17a39c0ba978 Downloading 3.146MB
 5b5fe70539cd Downloading 5.243MB
 a94a80c1968d Downloading 2.097MB
 80c0304abda6 Downloading 1.049MB
 dd71dde834b5 Downloading 17.83MB
 d0143bbe2940 Downloading 3.146MB
 c28013ce7862 Downloading 3.146MB
 603911942889 Downloading 3.146MB
 f18232174bc9 Downloading 1.049MB
 b21337b36fa4 Downloading 9.437MB
 f2b7aea2301e Downloading 4.194MB
 17a39c0ba978 Downloading 3.146MB
 80c0304abda6 Downloading 1.049MB
 5b5fe70539cd Downloading 5.243MB
 a94a80c1968d Downloading 2.097MB
 f18232174bc9 Downloading 1.049MB
 dd71dde834b5 Downloading 18.87MB
 d0143bbe2940 Downloading 3.146MB
 c28013ce7862 Downloading 3.146MB
 603911942889 Downloading 3.146MB
 b21337b36fa4 Downloading 9.437MB
 f2b7aea2301e Downloading 4.194MB
 17a39c0ba978 Downloading 3.146MB
 80c0304abda6 Downloading 1.049MB
 5b5fe70539cd Downloading 5.243MB
 a94a80c1968d Downloading 2.097MB
 603911942889 Downloading 3.146MB
 f18232174bc9 Downloading 1.049MB
 dd71dde834b5 Downloading 18.87MB
 d0143bbe2940 Downloading 3.146MB
 c28013ce7862 Downloading 3.146MB
 b21337b36fa4 Downloading 9.437MB
 f2b7aea2301e Downloading 4.194MB
 17a39c0ba978 Downloading 3.146MB
 5b5fe70539cd Downloading 5.243MB
 a94a80c1968d Downloading 2.097MB
 80c0304abda6 Downloading 1.049MB
 dd71dde834b5 Downloading 18.87MB
 d0143bbe2940 Downloading 3.146MB
 c28013ce7862 Downloading 3.146MB
 603911942889 Downloading 3.146MB
 f18232174bc9 Downloading 1.049MB
 b21337b36fa4 Downloading 9.437MB
 f2b7aea2301e Downloading 4.194MB
 17a39c0ba978 Downloading 3.42MB
 80c0304abda6 Downloading 1.049MB
 5b5fe70539cd Downloading 5.243MB
 a94a80c1968d Downloading 2.097MB
 603911942889 Downloading 3.146MB
 f18232174bc9 Downloading 1.049MB
 dd71dde834b5 Downloading 19.92MB
 d0143bbe2940 Downloading 3.146MB
 c28013ce7862 Downloading 3.146MB
 b21337b36fa4 Downloading 9.437MB
 f2b7aea2301e Downloading 4.194MB
 17a39c0ba978 Downloading 3.42MB
 80c0304abda6 Downloading 1.049MB
 5b5fe70539cd Downloading 5.243MB
 a94a80c1968d Downloading 2.097MB
 dd71dde834b5 Downloading 19.92MB
 d0143bbe2940 Downloading 3.146MB
 c28013ce7862 Downloading 3.146MB
 603911942889 Downloading 3.146MB
 f18232174bc9 Downloading 2.097MB
 b21337b36fa4 Downloading 9.437MB
 f2b7aea2301e Downloading 4.194MB
 dd71dde834b5 Downloading 19.92MB
 d0143bbe2940 Downloading 3.146MB
 c28013ce7862 Downloading 3.146MB
 603911942889 Downloading 3.146MB
 f18232174bc9 Downloading 2.097MB
 17a39c0ba978 Downloading 3.42MB
 5b5fe70539cd Downloading 6.291MB
 a94a80c1968d Downloading 3.146MB
 80c0304abda6 Downloading 1.049MB
 b21337b36fa4 Downloading 9.437MB
 f2b7aea2301e Downloading 4.194MB
 17a39c0ba978 Download complete 0B
 a94a80c1968d Downloading 3.146MB
 80c0304abda6 Downloading 1.049MB
 5b5fe70539cd Downloading 6.291MB
 17a39c0ba978 Extracting 1B
 d0143bbe2940 Downloading 4.194MB
 c28013ce7862 Downloading 3.146MB
 603911942889 Downloading 3.146MB
 f18232174bc9 Downloading 2.097MB
 dd71dde834b5 Downloading 20.97MB
 b21337b36fa4 Downloading 9.437MB
 f2b7aea2301e Downloading 4.194MB
 17a39c0ba978 Extracting 1B
 80c0304abda6 Downloading 1.049MB
 5b5fe70539cd Downloading 6.291MB
 a94a80c1968d Downloading 3.146MB
 f18232174bc9 Downloading 2.097MB
 dd71dde834b5 Downloading 20.97MB
 d0143bbe2940 Downloading 4.194MB
 c28013ce7862 Downloading 3.146MB
 603911942889 Downloading 3.146MB
 b21337b36fa4 Downloading 10.49MB
 f2b7aea2301e Downloading 4.194MB
 17a39c0ba978 Extracting 1B
 80c0304abda6 Downloading 1.049MB
 5b5fe70539cd Downloading 6.291MB
 a94a80c1968d Downloading 3.146MB
 dd71dde834b5 Downloading 20.97MB
 d0143bbe2940 Downloading 4.194MB
 c28013ce7862 Downloading 3.146MB
 603911942889 Downloading 3.146MB
 f18232174bc9 Downloading 2.097MB
 b21337b36fa4 Downloading 10.49MB
 f2b7aea2301e Downloading 4.194MB
 17a39c0ba978 Extracting 1B
 5b5fe70539cd Downloading 6.291MB
 a94a80c1968d Downloading 3.146MB
 80c0304abda6 Downloading 1.049MB
 dd71dde834b5 Downloading 22.02MB
 d0143bbe2940 Downloading 4.194MB
 c28013ce7862 Downloading 4.194MB
 603911942889 Downloading 3.146MB
 f18232174bc9 Downloading 2.097MB
 b21337b36fa4 Downloading 10.49MB
 f2b7aea2301e Downloading 4.194MB
 17a39c0ba978 Pull complete 0B
 80c0304abda6 Downloading 1.049MB
 5b5fe70539cd Downloading 6.291MB
 a94a80c1968d Downloading 3.146MB
 f18232174bc9 Downloading 2.097MB
 dd71dde834b5 Downloading 22.02MB
 d0143bbe2940 Downloading 4.194MB
 c28013ce7862 Downloading 4.194MB
 603911942889 Downloading 3.146MB
 Image alpine:3.19 Pulled 
 b21337b36fa4 Downloading 10.49MB
 f2b7aea2301e Downloading 4.194MB
 80c0304abda6 Downloading 1.049MB
 5b5fe70539cd Downloading 6.291MB
 a94a80c1968d Downloading 3.146MB
 b21337b36fa4 Downloading 10.49MB
 f2b7aea2301e Downloading 4.194MB
 603911942889 Downloading 3.146MB
 f18232174bc9 Downloading 2.097MB
 dd71dde834b5 Downloading 23.07MB
 d0143bbe2940 Downloading 4.194MB
 c28013ce7862 Downloading 4.194MB
 80c0304abda6 Downloading 1.049MB
 5b5fe70539cd Downloading 6.291MB
 a94a80c1968d Downloading 3.146MB
 f18232174bc9 Downloading 2.097MB
 dd71dde834b5 Downloading 23.07MB
 d0143bbe2940 Downloading 4.194MB
 c28013ce7862 Downloading 4.194MB
 603911942889 Downloading 3.146MB
 b21337b36fa4 Downloading 10.49MB
 f2b7aea2301e Downloading 4.194MB
 5b5fe70539cd Downloading 6.291MB
 a94a80c1968d Downloading 3.146MB
 80c0304abda6 Downloading 1.049MB
 dd71dde834b5 Downloading 23.07MB
 d0143bbe2940 Downloading 4.194MB
 c28013ce7862 Downloading 4.194MB
 603911942889 Downloading 4.194MB
 f18232174bc9 Downloading 2.097MB
 b21337b36fa4 Downloading 10.49MB
 f2b7aea2301e Downloading 4.194MB
 80c0304abda6 Downloading 1.049MB
 5b5fe70539cd Downloading 7.34MB
 a94a80c1968d Downloading 3.146MB
 d0143bbe2940 Downloading 4.194MB
 c28013ce7862 Downloading 4.194MB
 603911942889 Downloading 4.194MB
 f18232174bc9 Downloading 2.097MB
 dd71dde834b5 Downloading 24.12MB
 b21337b36fa4 Downloading 10.49MB
 f2b7aea2301e Downloading 4.194MB
 80c0304abda6 Downloading 1.049MB
 5b5fe70539cd Downloading 7.34MB
 a94a80c1968d Downloading 3.146MB
 c28013ce7862 Downloading 4.194MB
 603911942889 Downloading 4.194MB
 f18232174bc9 Downloading 2.097MB
 dd71dde834b5 Downloading 24.12MB
 d0143bbe2940 Downloading 4.194MB
 f2b7aea2301e Downloading 4.194MB
 b21337b36fa4 Downloading 10.49MB
 80c0304abda6 Downloading 1.049MB
 5b5fe70539cd Downloading 7.34MB
 a94a80c1968d Downloading 3.146MB
 f18232174bc9 Downloading 2.097MB
 dd71dde834b5 Downloading 24.12MB
 d0143bbe2940 Downloading 4.194MB
 c28013ce7862 Downloading 4.194MB
 603911942889 Downloading 4.194MB
 b21337b36fa4 Downloading 10.49MB
 f2b7aea2301e Downloading 4.194MB
 80c0304abda6 Downloading 1.049MB
 5b5fe70539cd Downloading 7.34MB
 a94a80c1968d Downloading 3.146MB
 f18232174bc9 Downloading 2.097MB
 dd71dde834b5 Downloading 25.17MB
 d0143bbe2940 Downloading 5.243MB
 c28013ce7862 Downloading 4.194MB
 603911942889 Downloading 4.194MB
 b21337b36fa4 Downloading 10.49MB
 f2b7aea2301e Downloading 4.194MB
 80c0304abda6 Downloading 1.049MB
 5b5fe70539cd Downloading 7.34MB
 a94a80c1968d Downloading 3.146MB
 d0143bbe2940 Downloading 5.243MB
 c28013ce7862 Downloading 4.194MB
 603911942889 Downloading 4.194MB
 f18232174bc9 Downloading 2.097MB
 dd71dde834b5 Downloading 25.17MB
 b21337b36fa4 Downloading 10.49MB
 f2b7aea2301e Downloading 4.194MB
 80c0304abda6 Downloading 1.049MB
 5b5fe70539cd Downloading 7.34MB
 a94a80c1968d Downloading 4.194MB
 c28013ce7862 Downloading 4.194MB
 603911942889 Downloading 4.194MB
 f18232174bc9 Downloading 2.097MB
 dd71dde834b5 Downloading 25.17MB
 d0143bbe2940 Downloading 5.243MB
 b21337b36fa4 Downloading 10.49MB
 f2b7aea2301e Downloading 4.194MB
 5b5fe70539cd Downloading 7.34MB
 a94a80c1968d Downloading 4.194MB
 80c0304abda6 Downloading 1.049MB
 dd71dde834b5 Downloading 26.21MB
 d0143bbe2940 Downloading 5.243MB
 c28013ce7862 Downloading 4.194MB
 603911942889 Downloading 4.194MB
 f18232174bc9 Downloading 2.097MB
 b21337b36fa4 Downloading 10.49MB
 f2b7aea2301e Downloading 4.194MB
 5b5fe70539cd Downloading 8.389MB
 a94a80c1968d Downloading 4.194MB
 80c0304abda6 Downloading 1.049MB
 dd71dde834b5 Downloading 26.21MB
 d0143bbe2940 Downloading 5.243MB
 c28013ce7862 Downloading 5.243MB
 603911942889 Downloading 4.194MB
 f18232174bc9 Downloading 2.097MB
 b21337b36fa4 Downloading 10.49MB
 f2b7aea2301e Downloading 4.194MB
 c28013ce7862 Downloading 5.243MB
 603911942889 Downloading 4.194MB
 f18232174bc9 Downloading 2.097MB
 dd71dde834b5 Downloading 26.21MB
 d0143bbe2940 Downloading 5.243MB
 5b5fe70539cd Downloading 8.389MB
 a94a80c1968d Downloading 4.194MB
 80c0304abda6 Downloading 1.049MB
 b21337b36fa4 Downloading 10.49MB
 f2b7aea2301e Downloading 4.194MB
 5b5fe70539cd Downloading 8.389MB
 a94a80c1968d Downloading 4.194MB
 80c0304abda6 Downloading 1.049MB
 f18232174bc9 Downloading 2.097MB
 dd71dde834b5 Downloading 27.26MB
 d0143bbe2940 Downloading 5.243MB
 c28013ce7862 Downloading 5.243MB
 603911942889 Downloading 4.194MB
 b21337b36fa4 Downloading 10.49MB
 f2b7aea2301e Downloading 4.194MB
 80c0304abda6 Downloading 2.097MB
 5b5fe70539cd Downloading 8.389MB
 a94a80c1968d Downloading 4.194MB
 f18232174bc9 Downloading 2.097MB
 dd71dde834b5 Downloading 27.26MB
 d0143bbe2940 Downloading 5.243MB
 c28013ce7862 Downloading 5.243MB
 603911942889 Downloading 4.194MB
 b21337b36fa4 Downloading 10.49MB
 f2b7aea2301e Downloading 4.194MB
 80c0304abda6 Downloading 2.097MB
 5b5fe70539cd Downloading 8.389MB
 a94a80c1968d Downloading 4.194MB
 dd71dde834b5 Downloading 28.31MB
 d0143bbe2940 Downloading 5.243MB
 c28013ce7862 Downloading 5.243MB
 603911942889 Downloading 4.194MB
 f18232174bc9 Downloading 2.097MB
 f2b7aea2301e Downloading 4.194MB
 b21337b36fa4 Downloading 10.49MB
 5b5fe70539cd Downloading 8.389MB
 a94a80c1968d Downloading 4.194MB
 80c0304abda6 Downloading 2.097MB
 d0143bbe2940 Downloading 5.243MB
 c28013ce7862 Downloading 5.243MB
 603911942889 Downloading 5.243MB
 f18232174bc9 Downloading 2.097MB
 dd71dde834b5 Downloading 28.31MB
 b21337b36fa4 Downloading 10.49MB
 f2b7aea2301e Downloading 4.194MB
 80c0304abda6 Downloading 2.097MB
 5b5fe70539cd Downloading 8.389MB
 a94a80c1968d Downloading 4.194MB
 dd71dde834b5 Downloading 28.31MB
 d0143bbe2940 Downloading 6.291MB
 c28013ce7862 Downloading 5.243MB
 603911942889 Downloading 5.243MB
 f18232174bc9 Downloading 2.097MB
 b21337b36fa4 Downloading 10.49MB
 f2b7aea2301e Downloading 4.194MB
 5b5fe70539cd Downloading 8.389MB
 a94a80c1968d Downloading 4.194MB
 80c0304abda6 Downloading 2.097MB
 dd71dde834b5 Downloading 28.31MB
 d0143bbe2940 Downloading 6.291MB
 c28013ce7862 Downloading 5.243MB
 603911942889 Downloading 5.243MB
 f18232174bc9 Downloading 2.097MB
 b21337b36fa4 Downloading 10.49MB
 f2b7aea2301e Downloading 4.194MB
 80c0304abda6 Downloading 2.097MB
 5b5fe70539cd Downloading 9.437MB
 a94a80c1968d Downloading 4.194MB
 d0143bbe2940 Downloading 6.291MB
 c28013ce7862 Downloading 5.243MB
 603911942889 Downloading 5.243MB
 f18232174bc9 Downloading 2.097MB
 dd71dde834b5 Downloading 28.31MB
 b21337b36fa4 Downloading 10.49MB
 f2b7aea2301e Downloading 4.194MB
 dd71dde834b5 Downloading 29.36MB
 d0143bbe2940 Downloading 6.291MB
 c28013ce7862 Downloading 5.243MB
 603911942889 Downloading 5.243MB
 f18232174bc9 Downloading 2.097MB
 5b5fe70539cd Downloading 9.437MB
 a94a80c1968d Downloading 4.194MB
 80c0304abda6 Downloading 2.097MB
 f2b7aea2301e Downloading 4.194MB
 b21337b36fa4 Downloading 10.49MB
 5b5fe70539cd Downloading 9.437MB
 a94a80c1968d Downloading 5.243MB
 80c0304abda6 Downloading 2.097MB
 f18232174bc9 Downloading 2.097MB
 dd71dde834b5 Downloading 29.36MB
 d0143bbe2940 Downloading 6.291MB
 c28013ce7862 Downloading 6.291MB
 603911942889 Downloading 5.243MB
 b21337b36fa4 Downloading 10.49MB
 f2b7aea2301e Downloading 4.194MB
 5b5fe70539cd Downloading 9.437MB
 a94a80c1968d Downloading 5.243MB
 80c0304abda6 Downloading 2.097MB
 dd71dde834b5 Downloading 30.41MB
 d0143bbe2940 Downloading 6.291MB
 c28013ce7862 Downloading 6.291MB
 603911942889 Downloading 5.243MB
 f18232174bc9 Downloading 2.097MB
 b21337b36fa4 Downloading 10.49MB
 f2b7aea2301e Downloading 4.194MB
 80c0304abda6 Downloading 2.097MB
 5b5fe70539cd Downloading 9.437MB
 a94a80c1968d Downloading 5.243MB
 dd71dde834b5 Downloading 30.41MB
 d0143bbe2940 Downloading 6.291MB
 c28013ce7862 Downloading 6.291MB
 603911942889 Downloading 5.243MB
 f18232174bc9 Downloading 2.097MB
 b21337b36fa4 Downloading 10.49MB
 f2b7aea2301e Downloading 4.194MB
 dd71dde834b5 Downloading 31.46MB
 d0143bbe2940 Downloading 6.291MB
 c28013ce7862 Downloading 6.291MB
 603911942889 Downloading 5.243MB
 f18232174bc9 Downloading 2.097MB
 80c0304abda6 Downloading 2.097MB
 5b5fe70539cd Downloading 9.437MB
 a94a80c1968d Downloading 5.243MB
 f2b7aea2301e Downloading 4.194MB
 b21337b36fa4 Downloading 10.49MB
 80c0304abda6 Downloading 2.097MB
 5b5fe70539cd Downloading 9.437MB
 a94a80c1968d Downloading 5.243MB
 c28013ce7862 Downloading 6.291MB
 603911942889 Downloading 5.243MB
 f18232174bc9 Downloading 2.097MB
 dd71dde834b5 Downloading 31.46MB
 d0143bbe2940 Downloading 6.291MB
 b21337b36fa4 Downloading 10.49MB
 f2b7aea2301e Downloading 4.194MB
 80c0304abda6 Downloading 2.097MB
 5b5fe70539cd Downloading 10.49MB
 a94a80c1968d Downloading 5.243MB
 f18232174bc9 Downloading 2.097MB
 dd71dde834b5 Downloading 31.46MB
 d0143bbe2940 Downloading 6.291MB
 c28013ce7862 Downloading 6.291MB
 603911942889 Downloading 5.243MB
 b21337b36fa4 Downloading 10.49MB
 f2b7aea2301e Downloading 4.194MB
 5b5fe70539cd Downloading 10.49MB
 a94a80c1968d Downloading 5.243MB
 80c0304abda6 Downloading 2.097MB
 dd71dde834b5 Downloading 31.46MB
 d0143bbe2940 Downloading 7.34MB
 c28013ce7862 Downloading 6.291MB
 603911942889 Downloading 5.243MB
 f18232174bc9 Downloading 2.097MB
 b21337b36fa4 Downloading 10.49MB
 f2b7aea2301e Downloading 4.194MB
 80c0304abda6 Downloading 2.097MB
 5b5fe70539cd Downloading 10.49MB
 a94a80c1968d Downloading 5.243MB
 f18232174bc9 Downloading 2.097MB
 dd71dde834b5 Downloading 32.51MB
 d0143bbe2940 Downloading 7.34MB
 c28013ce7862 Downloading 6.291MB
 603911942889 Downloading 5.243MB
 b21337b36fa4 Downloading 10.49MB
 f2b7aea2301e Downloading 4.194MB
 80c0304abda6 Downloading 2.097MB
 5b5fe70539cd Downloading 10.49MB
 a94a80c1968d Downloading 5.243MB
 dd71dde834b5 Downloading 32.51MB
 d0143bbe2940 Downloading 7.34MB
 c28013ce7862 Downloading 6.291MB
 603911942889 Downloading 5.243MB
 f18232174bc9 Downloading 2.097MB
 b21337b36fa4 Downloading 10.49MB
 f2b7aea2301e Downloading 4.194MB
 5b5fe70539cd Downloading 10.49MB
 a94a80c1968d Downloading 5.243MB
 80c0304abda6 Downloading 2.097MB
 dd71dde834b5 Downloading 32.51MB
 d0143bbe2940 Downloading 7.34MB
 c28013ce7862 Downloading 6.291MB
 603911942889 Downloading 5.243MB
 f18232174bc9 Downloading 2.097MB
 f2b7aea2301e Downloading 5.243MB
 b21337b36fa4 Downloading 10.49MB
 80c0304abda6 Downloading 2.097MB
 5b5fe70539cd Downloading 10.49MB
 a94a80c1968d Downloading 5.243MB
 d0143bbe2940 Downloading 7.34MB
 c28013ce7862 Downloading 6.291MB
 603911942889 Downloading 6.291MB
 f18232174bc9 Downloading 2.097MB
 dd71dde834b5 Downloading 33.55MB
 b21337b36fa4 Downloading 10.49MB
 f2b7aea2301e Downloading 5.243MB
 80c0304abda6 Downloading 2.097MB
 5b5fe70539cd Downloading 10.49MB
 a94a80c1968d Downloading 5.243MB
 c28013ce7862 Downloading 6.291MB
 603911942889 Downloading 6.291MB
 f18232174bc9 Downloading 2.097MB
 dd71dde834b5 Downloading 33.55MB
 d0143bbe2940 Downloading 7.34MB
 b21337b36fa4 Downloading 10.49MB
 f2b7aea2301e Downloading 5.243MB
 603911942889 Downloading 6.291MB
 f18232174bc9 Downloading 2.097MB
 dd71dde834b5 Downloading 33.55MB
 d0143bbe2940 Downloading 7.34MB
 80c0304abda6 Downloading 2.097MB
 5b5fe70539cd Downloading 10.49MB
 c28013ce7862 Downloading 6.291MB
 a94a80c1968d Downloading 5.243MB
 b21337b36fa4 Downloading 10.49MB
 f2b7aea2301e Downloading 5.243MB
 80c0304abda6 Downloading 2.097MB
 5b5fe70539cd Downloading 10.49MB
 a94a80c1968d Downloading 5.243MB
 603911942889 Downloading 6.291MB
 f18232174bc9 Downloading 2.097MB
 dd71dde834b5 Downloading 33.55MB
 d0143bbe2940 Downloading 7.34MB
 c28013ce7862 Downloading 6.291MB
 f2b7aea2301e Downloading 5.243MB
 b21337b36fa4 Downloading 10.49MB
 80c0304abda6 Downloading 2.097MB
 5b5fe70539cd Downloading 11.53MB
 a94a80c1968d Downloading 5.243MB
 dd71dde834b5 Downloading 34.6MB
 d0143bbe2940 Downloading 7.34MB
 c28013ce7862 Downloading 7.34MB
 603911942889 Downloading 6.291MB
 f18232174bc9 Downloading 2.097MB
 b21337b36fa4 Downloading 11.53MB
 f2b7aea2301e Downloading 5.243MB
 5b5fe70539cd Downloading 11.53MB
 a94a80c1968d Downloading 5.243MB
 80c0304abda6 Downloading 2.097MB
 d0143bbe2940 Downloading 7.34MB
 c28013ce7862 Downloading 7.34MB
 603911942889 Downloading 6.291MB
 f18232174bc9 Downloading 2.097MB
 dd71dde834b5 Downloading 34.6MB
 b21337b36fa4 Downloading 11.53MB
 f2b7aea2301e Downloading 5.243MB
 f18232174bc9 Downloading 2.097MB
 dd71dde834b5 Downloading 34.6MB
 d0143bbe2940 Downloading 7.34MB
 80c0304abda6 Downloading 2.097MB
 c28013ce7862 Downloading 7.34MB
 603911942889 Downloading 6.291MB
 5b5fe70539cd Downloading 11.53MB
 a94a80c1968d Downloading 5.243MB
 b21337b36fa4 Downloading 11.53MB
 f2b7aea2301e Downloading 5.243MB
 dd71dde834b5 Downloading 34.6MB
 d0143bbe2940 Downloading 7.34MB
 c28013ce7862 Downloading 7.34MB
 603911942889 Downloading 6.291MB
 f18232174bc9 Downloading 2.097MB
 80c0304abda6 Downloading 2.097MB
 5b5fe70539cd Downloading 11.53MB
 a94a80c1968d Downloading 5.243MB
 f2b7aea2301e Downloading 5.243MB
 b21337b36fa4 Downloading 11.53MB
 80c0304abda6 Downloading 2.097MB
 5b5fe70539cd Downloading 11.53MB
 a94a80c1968d Downloading 6.291MB
 f18232174bc9 Downloading 2.097MB
 dd71dde834b5 Downloading 35.65MB
 d0143bbe2940 Downloading 8.389MB
 c28013ce7862 Downloading 7.34MB
 603911942889 Downloading 6.291MB
 f2b7aea2301e Downloading 5.243MB
 b21337b36fa4 Downloading 11.53MB
 dd71dde834b5 Downloading 35.65MB
 d0143bbe2940 Downloading 8.389MB
 c28013ce7862 Downloading 7.34MB
 603911942889 Downloading 6.291MB
 f18232174bc9 Downloading 2.097MB
 80c0304abda6 Downloading 2.097MB
 5b5fe70539cd Downloading 11.53MB
 a94a80c1968d Downloading 6.291MB
 b21337b36fa4 Downloading 11.53MB
 f2b7aea2301e Downloading 5.243MB
 dd71dde834b5 Downloading 35.65MB
 d0143bbe2940 Downloading 8.389MB
 c28013ce7862 Downloading 7.34MB
 603911942889 Downloading 6.291MB
 f18232174bc9 Downloading 2.097MB
 b21337b36fa4 Downloading 11.53MB
 f2b7aea2301e Downloading 5.243MB
 5b5fe70539cd Downloading 11.53MB
 a94a80c1968d Downloading 6.291MB
 80c0304abda6 Downloading 2.097MB
 5b5fe70539cd Downloading 11.53MB
 a94a80c1968d Downloading 6.291MB
 80c0304abda6 Downloading 2.097MB
 c28013ce7862 Downloading 7.34MB
 603911942889 Downloading 6.291MB
 f18232174bc9 Downloading 2.097MB
 dd71dde834b5 Downloading 35.65MB
 d0143bbe2940 Downloading 8.389MB
 b21337b36fa4 Downloading 11.53MB
 f2b7aea2301e Downloading 5.243MB
 a94a80c1968d Downloading 6.291MB
 80c0304abda6 Downloading 2.097MB
 5b5fe70539cd Downloading 11.53MB
 dd71dde834b5 Downloading 36.7MB
 d0143bbe2940 Downloading 8.389MB
 c28013ce7862 Downloading 7.34MB
 603911942889 Downloading 6.291MB
 f18232174bc9 Downloading 2.097MB
 b21337b36fa4 Downloading 11.53MB
 f2b7aea2301e Downloading 5.243MB
 c28013ce7862 Downloading 7.34MB
 603911942889 Downloading 6.291MB
 f18232174bc9 Downloading 2.097MB
 dd71dde834b5 Downloading 36.7MB
 d0143bbe2940 Downloading 8.389MB
 5b5fe70539cd Downloading 11.53MB
 a94a80c1968d Downloading 6.291MB
 80c0304abda6 Downloading 2.097MB
 b21337b36fa4 Downloading 11.53MB
 f2b7aea2301e Downloading 5.243MB
 80c0304abda6 Downloading 2.097MB
 5b5fe70539cd Downloading 12.58MB
 a94a80c1968d Downloading 6.291MB
 dd71dde834b5 Downloading 36.7MB
 d0143bbe2940 Downloading 8.389MB
 c28013ce7862 Downloading 7.34MB
 603911942889 Downloading 7.34MB
 f18232174bc9 Downloading 2.097MB
 b21337b36fa4 Downloading 11.53MB
 f2b7aea2301e Downloading 5.243MB
 80c0304abda6 Downloading 2.097MB
 5b5fe70539cd Downloading 12.58MB
 a94a80c1968d Downloading 6.291MB
 f18232174bc9 Downloading 2.097MB
 dd71dde834b5 Downloading 36.7MB
 d0143bbe2940 Downloading 8.389MB
 c28013ce7862 Downloading 7.34MB
 603911942889 Downloading 7.34MB
 f2b7aea2301e Downloading 5.243MB
 b21337b36fa4 Downloading 11.53MB
 80c0304abda6 Downloading 2.097MB
 5b5fe70539cd Downloading 12.58MB
 a94a80c1968d Downloading 6.291MB
 d0143bbe2940 Downloading 8.389MB
 c28013ce7862 Downloading 8.389MB
 603911942889 Downloading 7.34MB
 f18232174bc9 Downloading 3.146MB
 dd71dde834b5 Downloading 36.7MB
 b21337b36fa4 Downloading 11.53MB
 f2b7aea2301e Downloading 5.243MB
 5b5fe70539cd Downloading 12.58MB
 a94a80c1968d Downloading 6.291MB
 80c0304abda6 Downloading 2.097MB
 f18232174bc9 Downloading 3.146MB
 dd71dde834b5 Downloading 37.75MB
 d0143bbe2940 Downloading 9.437MB
 c28013ce7862 Downloading 8.389MB
 603911942889 Downloading 7.34MB
 b21337b36fa4 Downloading 11.53MB
 f2b7aea2301e Downloading 5.243MB
 5b5fe70539cd Downloading 12.58MB
 a94a80c1968d Downloading 6.291MB
 80c0304abda6 Downloading 3.146MB
 c28013ce7862 Downloading 8.389MB
 603911942889 Downloading 7.34MB
 f18232174bc9 Downloading 3.146MB
 dd71dde834b5 Downloading 37.75MB
 d0143bbe2940 Downloading 9.437MB
 b21337b36fa4 Downloading 11.53MB
 f2b7aea2301e Downloading 5.243MB
 a94a80c1968d Downloading 6.291MB
 80c0304abda6 Downloading 3.146MB
 5b5fe70539cd Downloading 12.58MB
 f18232174bc9 Downloading 3.146MB
 dd71dde834b5 Downloading 37.75MB
 d0143bbe2940 Downloading 9.437MB
 c28013ce7862 Downloading 8.389MB
 603911942889 Downloading 7.34MB
 f2b7aea2301e Downloading 5.243MB
 b21337b36fa4 Downloading 11.53MB
 5b5fe70539cd Downloading 12.58MB
 a94a80c1968d Downloading 6.291MB
 80c0304abda6 Downloading 3.146MB
 dd71dde834b5 Downloading 37.75MB
 d0143bbe2940 Downloading 9.437MB
 c28013ce7862 Downloading 8.389MB
 603911942889 Downloading 7.34MB
 f18232174bc9 Downloading 3.146MB
 b21337b36fa4 Downloading 11.53MB
 f2b7aea2301e Downloading 5.243MB
 80c0304abda6 Downloading 3.146MB
 5b5fe70539cd Downloading 12.58MB
 a94a80c1968d Downloading 7.34MB
 dd71dde834b5 Downloading 38.8MB
 d0143bbe2940 Downloading 9.437MB
 c28013ce7862 Downloading 8.389MB
 603911942889 Downloading 7.34MB
 f18232174bc9 Downloading 3.146MB
 f2b7aea2301e Downloading 5.243MB
 b21337b36fa4 Downloading 11.53MB
 80c0304abda6 Downloading 3.146MB
 5b5fe70539cd Downloading 12.58MB
 a94a80c1968d Downloading 7.34MB
 f18232174bc9 Downloading 3.146MB
 dd71dde834b5 Downloading 38.8MB
 d0143bbe2940 Downloading 9.437MB
 c28013ce7862 Downloading 8.389MB
 603911942889 Downloading 7.34MB
 b21337b36fa4 Downloading 11.53MB
 f2b7aea2301e Downloading 5.243MB
 80c0304abda6 Downloading 3.146MB
 5b5fe70539cd Downloading 12.58MB
 a94a80c1968d Downloading 7.34MB
 dd71dde834b5 Downloading 38.8MB
 d0143bbe2940 Downloading 9.437MB
 c28013ce7862 Downloading 8.389MB
 603911942889 Downloading 7.34MB
 f18232174bc9 Downloading 3.146MB
 b21337b36fa4 Downloading 11.53MB
 f2b7aea2301e Downloading 5.243MB
 80c0304abda6 Downloading 3.146MB
 5b5fe70539cd Downloading 13.63MB
 a94a80c1968d Downloading 7.34MB
 dd71dde834b5 Downloading 38.8MB
 d0143bbe2940 Downloading 9.437MB
 c28013ce7862 Downloading 8.389MB
 603911942889 Downloading 7.34MB
 f18232174bc9 Downloading 3.146MB
 b21337b36fa4 Downloading 12.58MB
 f2b7aea2301e Downloading 5.243MB
 80c0304abda6 Downloading 3.146MB
 5b5fe70539cd Downloading 13.63MB
 a94a80c1968d Downloading 7.34MB
 c28013ce7862 Downloading 8.389MB
 603911942889 Downloading 8.389MB
 f18232174bc9 Downloading 3.146MB
 dd71dde834b5 Downloading 39.85MB
 d0143bbe2940 Downloading 9.437MB
 f2b7aea2301e Downloading 5.243MB
 b21337b36fa4 Downloading 12.58MB
 80c0304abda6 Downloading 3.146MB
 5b5fe70539cd Downloading 13.63MB
 a94a80c1968d Downloading 7.34MB
 d0143bbe2940 Downloading 10.49MB
 c28013ce7862 Downloading 8.389MB
 603911942889 Downloading 8.389MB
 f18232174bc9 Downloading 3.146MB
 dd71dde834b5 Download complete 0B
 b21337b36fa4 Downloading 12.58MB
 f2b7aea2301e Downloading 6.291MB
 80c0304abda6 Downloading 3.146MB
 5b5fe70539cd Downloading 13.63MB
 a94a80c1968d Downloading 7.34MB
 c28013ce7862 Downloading 9.437MB
 603911942889 Downloading 8.389MB
 f18232174bc9 Download complete 0B
 d0143bbe2940 Downloading 10.49MB
 b21337b36fa4 Downloading 12.58MB
 f2b7aea2301e Downloading 6.291MB
 f18232174bc9 Extracting 1B
 80c0304abda6 Downloading 3.146MB
 5b5fe70539cd Downloading 13.63MB
 a94a80c1968d Downloading 7.34MB
 d0143bbe2940 Downloading 10.49MB
 c28013ce7862 Downloading 9.437MB
 603911942889 Downloading 8.389MB
 b21337b36fa4 Downloading 12.58MB
 f2b7aea2301e Downloading 6.291MB
 80c0304abda6 Downloading 3.146MB
 5b5fe70539cd Downloading 13.63MB
 a94a80c1968d Downloading 7.34MB
 f18232174bc9 Extracting 1B
 d0143bbe2940 Downloading 10.49MB
 c28013ce7862 Downloading 9.437MB
 603911942889 Downloading 8.389MB
 f2b7aea2301e Downloading 6.291MB
 b21337b36fa4 Downloading 12.58MB
 f18232174bc9 Extracting 1B
 d0143bbe2940 Downloading 10.49MB
 c28013ce7862 Downloading 9.437MB
 603911942889 Downloading 8.389MB
 b21337b36fa4 Downloading 12.58MB
 f2b7aea2301e Downloading 6.291MB
 80c0304abda6 Downloading 3.146MB
 5b5fe70539cd Downloading 13.63MB
 a94a80c1968d Downloading 7.34MB
 f18232174bc9 Pull complete 0B
 80c0304abda6 Downloading 3.146MB
 5b5fe70539cd Downloading 13.63MB
 a94a80c1968d Downloading 7.34MB
 d0143bbe2940 Downloading 10.49MB
 c28013ce7862 Downloading 9.437MB
 603911942889 Downloading 8.389MB
 b21337b36fa4 Downloading 12.58MB
 f2b7aea2301e Downloading 6.291MB
 80c0304abda6 Downloading 3.146MB
 5b5fe70539cd Downloading 13.63MB
 a94a80c1968d Downloading 8.389MB
 dd71dde834b5 Extracting 1B
 d0143bbe2940 Downloading 11.53MB
 c28013ce7862 Downloading 9.437MB
 603911942889 Downloading 8.389MB
 b21337b36fa4 Downloading 12.58MB
 f2b7aea2301e Downloading 6.291MB
 80c0304abda6 Downloading 3.146MB
 5b5fe70539cd Downloading 14.68MB
 a94a80c1968d Downloading 8.389MB
 dd71dde834b5 Extracting 1B
 c28013ce7862 Downloading 9.437MB
 603911942889 Downloading 8.389MB
 d0143bbe2940 Downloading 11.53MB
 b21337b36fa4 Downloading 12.58MB
 f2b7aea2301e Downloading 6.291MB
 5b5fe70539cd Downloading 14.68MB
 a94a80c1968d Downloading 8.389MB
 80c0304abda6 Downloading 3.146MB
 b21337b36fa4 Downloading 12.58MB
 f2b7aea2301e Downloading 6.291MB
 dd71dde834b5 Extracting 1B
 c28013ce7862 Downloading 10.49MB
 603911942889 Downloading 8.389MB
 d0143bbe2940 Downloading 11.53MB
 b21337b36fa4 Downloading 12.58MB
 f2b7aea2301e Downloading 6.291MB
 80c0304abda6 Downloading 3.146MB
 5b5fe70539cd Downloading 14.68MB
 a94a80c1968d Downloading 8.389MB
 b21337b36fa4 Downloading 12.58MB
 f2b7aea2301e Downloading 6.291MB
 b21337b36fa4 Downloading 13.63MB
 f2b7aea2301e Downloading 6.291MB
 dd71dde834b5 Extracting 1B
 d0143bbe2940 Downloading 11.53MB
 c28013ce7862 Downloading 10.49MB
 603911942889 Downloading 9.437MB
 80c0304abda6 Downloading 4.194MB
 5b5fe70539cd Downloading 14.68MB
 a94a80c1968d Downloading 8.389MB
 b21337b36fa4 Downloading 13.63MB
 f2b7aea2301e Downloading 6.291MB
 f2b7aea2301e Downloading 7.34MB
 b21337b36fa4 Downloading 13.63MB
 80c0304abda6 Downloading 4.194MB
 5b5fe70539cd Downloading 14.68MB
 a94a80c1968d Downloading 8.389MB
 dd71dde834b5 Extracting 1B
 d0143bbe2940 Downloading 12.58MB
 c28013ce7862 Downloading 10.49MB
 603911942889 Downloading 9.437MB
 80c0304abda6 Downloading 4.194MB
 5b5fe70539cd Downloading 14.68MB
 a94a80c1968d Downloading 8.389MB
 b21337b36fa4 Downloading 13.63MB
 f2b7aea2301e Downloading 7.34MB
 dd71dde834b5 Extracting 1B
 c28013ce7862 Downloading 11.53MB
 603911942889 Downloading 9.437MB
 d0143bbe2940 Downloading 12.58MB
 b21337b36fa4 Downloading 13.63MB
 f2b7aea2301e Downloading 7.34MB
 80c0304abda6 Downloading 4.194MB
 5b5fe70539cd Downloading 15.73MB
 a94a80c1968d Downloading 8.389MB
 dd71dde834b5 Extracting 1B
 d0143bbe2940 Downloading 12.58MB
 c28013ce7862 Downloading 11.53MB
 603911942889 Downloading 9.437MB
 80c0304abda6 Downloading 4.194MB
 5b5fe70539cd Downloading 15.73MB
 a94a80c1968d Downloading 9.437MB
 b21337b36fa4 Downloading 13.63MB
 f2b7aea2301e Downloading 7.34MB
 dd71dde834b5 Extracting 2B
 d0143bbe2940 Downloading 12.58MB
 c28013ce7862 Downloading 11.53MB
 603911942889 Downloading 9.437MB
 b21337b36fa4 Downloading 13.63MB
 f2b7aea2301e Downloading 7.34MB
 80c0304abda6 Downloading 4.194MB
 5b5fe70539cd Downloading 15.73MB
 a94a80c1968d Downloading 9.437MB
 80c0304abda6 Downloading 4.194MB
 5b5fe70539cd Downloading 15.73MB
 a94a80c1968d Downloading 9.437MB
 dd71dde834b5 Extracting 2B
 d0143bbe2940 Downloading 12.58MB
 c28013ce7862 Downloading 11.53MB
 603911942889 Downloading 10.49MB
 b21337b36fa4 Downloading 13.63MB
 f2b7aea2301e Downloading 7.34MB
 dd71dde834b5 Extracting 2B
 80c0304abda6 Downloading 4.194MB
 5b5fe70539cd Downloading 15.73MB
 a94a80c1968d Downloading 9.437MB
 c28013ce7862 Downloading 11.53MB
 603911942889 Downloading 10.49MB
 d0143bbe2940 Downloading 13.63MB
 b21337b36fa4 Downloading 13.63MB
 f2b7aea2301e Downloading 7.34MB
 dd71dde834b5 Extracting 2B
 80c0304abda6 Downloading 4.194MB
 5b5fe70539cd Downloading 15.73MB
 a94a80c1968d Downloading 9.437MB
 d0143bbe2940 Downloading 13.63MB
 c28013ce7862 Downloading 11.53MB
 603911942889 Downloading 10.49MB
 b21337b36fa4 Downloading 13.63MB
 f2b7aea2301e Downloading 7.34MB
 dd71dde834b5 Extracting 2B
 d0143bbe2940 Downloading 13.63MB
 c28013ce7862 Downloading 12.58MB
 603911942889 Downloading 10.49MB
 80c0304abda6 Downloading 4.194MB
 5b5fe70539cd Downloading 15.73MB
 a94a80c1968d Downloading 9.437MB
 b21337b36fa4 Downloading 14.68MB
 f2b7aea2301e Downloading 7.34MB
 80c0304abda6 Downloading 4.194MB
 5b5fe70539cd Downloading 15.73MB
 a94a80c1968d Downloading 9.437MB
 dd71dde834b5 Extracting 2B
 d0143bbe2940 Downloading 13.63MB
 c28013ce7862 Downloading 12.58MB
 603911942889 Downloading 10.49MB
 b21337b36fa4 Downloading 14.68MB
 f2b7aea2301e Downloading 7.34MB
 5b5fe70539cd Downloading 15.73MB
 a94a80c1968d Downloading 9.437MB
 80c0304abda6 Downloading 4.194MB
 dd71dde834b5 Extracting 2B
 d0143bbe2940 Downloading 13.63MB
 c28013ce7862 Downloading 12.58MB
 603911942889 Downloading 10.49MB
 f2b7aea2301e Downloading 7.34MB
 b21337b36fa4 Downloading 14.68MB
 dd71dde834b5 Extracting 2B
 5b5fe70539cd Downloading 16.78MB
 a94a80c1968d Downloading 9.437MB
 80c0304abda6 Downloading 4.194MB
 d0143bbe2940 Downloading 13.63MB
 c28013ce7862 Downloading 12.58MB
 603911942889 Downloading 10.49MB
 b21337b36fa4 Downloading 14.68MB
 f2b7aea2301e Downloading 8.389MB
 dd71dde834b5 Extracting 2B
 80c0304abda6 Downloading 5.243MB
 5b5fe70539cd Downloading 16.78MB
 a94a80c1968d Downloading 9.437MB
 c28013ce7862 Downloading 12.58MB
 603911942889 Downloading 10.49MB
 d0143bbe2940 Downloading 13.63MB
 b21337b36fa4 Downloading 14.68MB
 f2b7aea2301e Downloading 8.389MB
 dd71dde834b5 Extracting 2B
 5b5fe70539cd Downloading 16.78MB
 a94a80c1968d Downloading 10.49MB
 80c0304abda6 Downloading 5.243MB
 d0143bbe2940 Downloading 14.68MB
 c28013ce7862 Downloading 12.58MB
 603911942889 Downloading 10.49MB
 f2b7aea2301e Downloading 8.389MB
 b21337b36fa4 Downloading 14.68MB
 dd71dde834b5 Extracting 3B
 80c0304abda6 Downloading 5.243MB
 5b5fe70539cd Downloading 16.78MB
 a94a80c1968d Downloading 10.49MB
 d0143bbe2940 Downloading 14.68MB
 c28013ce7862 Downloading 12.58MB
 603911942889 Downloading 11.53MB
 b21337b36fa4 Downloading 14.68MB
 f2b7aea2301e Downloading 8.389MB
 dd71dde834b5 Extracting 3B
 5b5fe70539cd Downloading 16.78MB
 a94a80c1968d Downloading 10.49MB
 80c0304abda6 Downloading 5.243MB
 d0143bbe2940 Downloading 14.68MB
 c28013ce7862 Downloading 13.63MB
 603911942889 Downloading 11.53MB
 b21337b36fa4 Downloading 14.68MB
 f2b7aea2301e Downloading 8.389MB
 dd71dde834b5 Extracting 3B
 5b5fe70539cd Downloading 16.78MB
 a94a80c1968d Downloading 10.49MB
 80c0304abda6 Downloading 5.243MB
 d0143bbe2940 Downloading 14.68MB
 c28013ce7862 Downloading 13.63MB
 603911942889 Downloading 11.53MB
 b21337b36fa4 Downloading 14.68MB
 f2b7aea2301e Downloading 8.389MB
 dd71dde834b5 Extracting 3B
 5b5fe70539cd Downloading 16.78MB
 a94a80c1968d Downloading 10.49MB
 80c0304abda6 Downloading 5.243MB
 d0143bbe2940 Downloading 14.68MB
 c28013ce7862 Downloading 13.63MB
 603911942889 Downloading 11.53MB
 dd71dde834b5 Extracting 3B
 b21337b36fa4 Downloading 14.68MB
 f2b7aea2301e Downloading 8.389MB
 80c0304abda6 Downloading 5.243MB
 5b5fe70539cd Downloading 16.78MB
 a94a80c1968d Downloading 10.49MB
 d0143bbe2940 Downloading 14.68MB
 c28013ce7862 Downloading 13.63MB
 603911942889 Downloading 11.53MB
 b21337b36fa4 Downloading 15.73MB
 f2b7aea2301e Downloading 8.389MB
 dd71dde834b5 Extracting 3B
 a94a80c1968d Downloading 10.49MB
 80c0304abda6 Downloading 5.243MB
 5b5fe70539cd Downloading 17.83MB
 d0143bbe2940 Downloading 14.68MB
 c28013ce7862 Downloading 13.63MB
 603911942889 Downloading 11.53MB
 f2b7aea2301e Downloading 8.389MB
 b21337b36fa4 Downloading 15.73MB
 dd71dde834b5 Extracting 3B
 5b5fe70539cd Downloading 17.83MB
 a94a80c1968d Downloading 10.49MB
 80c0304abda6 Downloading 5.243MB
 d0143bbe2940 Downloading 14.68MB
 c28013ce7862 Downloading 13.63MB
 603911942889 Downloading 11.53MB
 b21337b36fa4 Downloading 15.73MB
 f2b7aea2301e Downloading 8.389MB
 80c0304abda6 Downloading 5.243MB
 5b5fe70539cd Downloading 17.83MB
 a94a80c1968d Downloading 10.49MB
 b21337b36fa4 Downloading 15.73MB
 f2b7aea2301e Downloading 8.389MB
 dd71dde834b5 Extracting 3B
 603911942889 Downloading 11.53MB
 d0143bbe2940 Downloading 15.73MB
 c28013ce7862 Downloading 14.68MB
 5b5fe70539cd Downloading 17.83MB
 a94a80c1968d Downloading 11.53MB
 80c0304abda6 Downloading 5.243MB
 b21337b36fa4 Downloading 15.73MB
 f2b7aea2301e Downloading 9.437MB
 dd71dde834b5 Extracting 3B
 d0143bbe2940 Downloading 15.73MB
 c28013ce7862 Downloading 14.68MB
 603911942889 Downloading 11.53MB
 5b5fe70539cd Downloading 17.83MB
 a94a80c1968d Downloading 11.53MB
 80c0304abda6 Downloading 6.291MB
 b21337b36fa4 Downloading 15.73MB
 f2b7aea2301e Downloading 9.437MB
 dd71dde834b5 Extracting 4B
 603911942889 Downloading 12.58MB
 d0143bbe2940 Downloading 15.73MB
 c28013ce7862 Downloading 14.68MB
 80c0304abda6 Downloading 6.291MB
 5b5fe70539cd Downloading 17.83MB
 a94a80c1968d Downloading 11.53MB
 dd71dde834b5 Extracting 4B
 c28013ce7862 Downloading 14.68MB
 603911942889 Downloading 12.76MB
 d0143bbe2940 Downloading 15.73MB
 b21337b36fa4 Downloading 15.73MB
 f2b7aea2301e Downloading 9.437MB
 dd71dde834b5 Extracting 4B
 d0143bbe2940 Downloading 15.73MB
 c28013ce7862 Downloading 14.68MB
 603911942889 Download complete 0B
 5b5fe70539cd Downloading 17.83MB
 a94a80c1968d Downloading 11.53MB
 80c0304abda6 Downloading 6.291MB
 b21337b36fa4 Downloading 15.73MB
 f2b7aea2301e Downloading 9.437MB
 dd71dde834b5 Extracting 4B
 80c0304abda6 Downloading 6.291MB
 5b5fe70539cd Downloading 17.83MB
 a94a80c1968d Downloading 11.53MB
 d0143bbe2940 Downloading 15.73MB
 c28013ce7862 Downloading 14.68MB
 f2b7aea2301e Downloading 9.437MB
 b21337b36fa4 Downloading 15.73MB
 80c0304abda6 Downloading 6.291MB
 5b5fe70539cd Downloading 18.87MB
 a94a80c1968d Downloading 11.53MB
 dd71dde834b5 Extracting 4B
 d0143bbe2940 Downloading 15.73MB
 c28013ce7862 Downloading 14.68MB
 b21337b36fa4 Downloading 15.73MB
 f2b7aea2301e Downloading 9.437MB
 5b5fe70539cd Downloading 18.87MB
 a94a80c1968d Downloading 11.53MB
 80c0304abda6 Downloading 6.291MB
 dd71dde834b5 Extracting 4B
 d0143bbe2940 Downloading 16.78MB
 c28013ce7862 Downloading 15.73MB
 b21337b36fa4 Downloading 16.78MB
 f2b7aea2301e Downloading 9.437MB
 80c0304abda6 Downloading 6.291MB
 5b5fe70539cd Downloading 18.87MB
 a94a80c1968d Downloading 11.53MB
 b21337b36fa4 Downloading 16.78MB
 f2b7aea2301e Downloading 9.437MB
 dd71dde834b5 Extracting 4B
 d0143bbe2940 Downloading 16.78MB
 5b5fe70539cd Downloading 18.87MB
 a94a80c1968d Downloading 12.58MB
 80c0304abda6 Downloading 6.291MB
 c28013ce7862 Downloading 15.73MB
 b21337b36fa4 Downloading 16.78MB
 f2b7aea2301e Downloading 9.437MB
 80c0304abda6 Downloading 6.291MB
 5b5fe70539cd Downloading 18.87MB
 a94a80c1968d Downloading 12.58MB
 dd71dde834b5 Pull complete 0B
 b21337b36fa4 Downloading 16.78MB
 f2b7aea2301e Downloading 10.49MB
 c28013ce7862 Downloading 15.73MB
 d0143bbe2940 Downloading 16.78MB
 80c0304abda6 Downloading 7.34MB
 5b5fe70539cd Downloading 18.87MB
 a94a80c1968d Downloading 12.58MB
 b21337b36fa4 Downloading 16.78MB
 f2b7aea2301e Downloading 10.49MB
 1e5a4c89cee5 Pull complete 0B
 b21337b36fa4 Downloading 16.78MB
 f2b7aea2301e Downloading 10.49MB
 a94a80c1968d Downloading 12.58MB
 80c0304abda6 Downloading 7.34MB
 5b5fe70539cd Downloading 18.87MB
 d0143bbe2940 Downloading 16.78MB
 c28013ce7862 Downloading 16.78MB
 b21337b36fa4 Downloading 16.78MB
 f2b7aea2301e Downloading 10.49MB
 25ff2da83641 Extracting 1B
 b21337b36fa4 Downloading 16.78MB
 f2b7aea2301e Downloading 10.49MB
 5b5fe70539cd Downloading 19.92MB
 a94a80c1968d Downloading 12.58MB
 80c0304abda6 Downloading 7.34MB
 b21337b36fa4 Downloading 16.78MB
 f2b7aea2301e Downloading 10.49MB
 c28013ce7862 Downloading 16.78MB
 d0143bbe2940 Downloading 17.83MB
 25ff2da83641 Pull complete 0B
 80c0304abda6 Downloading 7.34MB
 5b5fe70539cd Downloading 19.92MB
 a94a80c1968d Downloading 12.58MB
 94dfa87d704c Pull complete 0B
 f2b7aea2301e Downloading 10.49MB
 b21337b36fa4 Downloading 17.83MB
 d0143bbe2940 Downloading 17.83MB
 c28013ce7862 Downloading 16.78MB
 b21337b36fa4 Downloading 17.83MB
 f2b7aea2301e Downloading 10.49MB
 80c0304abda6 Downloading 7.34MB
 5b5fe70539cd Downloading 19.92MB
 a94a80c1968d Downloading 13.63MB
 b21337b36fa4 Downloading 17.83MB
 f2b7aea2301e Downloading 10.49MB
 d0143bbe2940 Downloading 17.83MB
 c28013ce7862 Downloading 17.83MB
 80c0304abda6 Downloading 8.389MB
 5b5fe70539cd Downloading 19.92MB
 a94a80c1968d Downloading 13.63MB
 b21337b36fa4 Downloading 17.83MB
 f2b7aea2301e Downloading 11.53MB
 d0143bbe2940 Downloading 17.83MB
 c28013ce7862 Downloading 17.83MB
 80c0304abda6 Downloading 8.389MB
 5b5fe70539cd Downloading 19.92MB
 a94a80c1968d Downloading 13.63MB
 b21337b36fa4 Downloading 17.83MB
 f2b7aea2301e Downloading 11.53MB
 d0143bbe2940 Downloading 17.83MB
 c28013ce7862 Downloading 17.83MB
 80c0304abda6 Downloading 8.389MB
 5b5fe70539cd Downloading 20.97MB
 a94a80c1968d Downloading 13.63MB
 b21337b36fa4 Downloading 17.83MB
 f2b7aea2301e Downloading 11.53MB
 80c0304abda6 Downloading 8.389MB
 5b5fe70539cd Downloading 20.97MB
 a94a80c1968d Downloading 13.63MB
 b21337b36fa4 Downloading 17.83MB
 f2b7aea2301e Downloading 11.53MB
 d0143bbe2940 Downloading 18.87MB
 c28013ce7862 Downloading 17.83MB
 b21337b36fa4 Downloading 17.83MB
 f2b7aea2301e Downloading 11.53MB
 80c0304abda6 Downloading 8.389MB
 5b5fe70539cd Downloading 20.97MB
 a94a80c1968d Downloading 13.63MB
 b21337b36fa4 Downloading 17.83MB
 f2b7aea2301e Downloading 11.53MB
 c28013ce7862 Downloading 17.83MB
 d0143bbe2940 Downloading 18.87MB
 b21337b36fa4 Downloading 17.83MB
 f2b7aea2301e Download complete 0B
 5b5fe70539cd Downloading 20.97MB
 a94a80c1968d Downloading 14.68MB
 80c0304abda6 Downloading 8.389MB
 d0143bbe2940 Downloading 18.87MB
 c28013ce7862 Downloading 18.87MB
 b21337b36fa4 Downloading 18.87MB
 5b5fe70539cd Downloading 20.97MB
 a94a80c1968d Downloading 14.68MB
 80c0304abda6 Downloading 9.437MB
 b21337b36fa4 Downloading 18.87MB
 d0143bbe2940 Downloading 18.87MB
 c28013ce7862 Downloading 18.87MB
 80c0304abda6 Downloading 9.437MB
 5b5fe70539cd Downloading 22.02MB
 a94a80c1968d Downloading 14.68MB
 d0143bbe2940 Downloading 18.87MB
 c28013ce7862 Downloading 18.87MB
 b21337b36fa4 Downloading 18.87MB
 b21337b36fa4 Downloading 18.87MB
 80c0304abda6 Downloading 9.437MB
 5b5fe70539cd Downloading 22.02MB
 a94a80c1968d Downloading 14.68MB
 d0143bbe2940 Downloading 18.87MB
 c28013ce7862 Downloading 18.87MB
 b21337b36fa4 Downloading 18.87MB
 b21337b36fa4 Downloading 18.87MB
 80c0304abda6 Downloading 9.437MB
 5b5fe70539cd Downloading 22.02MB
 a94a80c1968d Downloading 14.68MB
 d0143bbe2940 Downloading 18.87MB
 c28013ce7862 Downloading 19.92MB
 b21337b36fa4 Downloading 18.87MB
 80c0304abda6 Downloading 9.437MB
 5b5fe70539cd Downloading 22.02MB
 a94a80c1968d Downloading 15.73MB
 d0143bbe2940 Downloading 19.92MB
 c28013ce7862 Downloading 19.92MB
 b21337b36fa4 Downloading 18.87MB
 80c0304abda6 Downloading 9.437MB
 5b5fe70539cd Downloading 22.02MB
 a94a80c1968d Downloading 15.73MB
 d0143bbe2940 Downloading 19.92MB
 c28013ce7862 Downloading 19.92MB
 b21337b36fa4 Downloading 18.87MB
 80c0304abda6 Downloading 9.437MB
 5b5fe70539cd Downloading 22.02MB
 a94a80c1968d Downloading 15.73MB
 b21337b36fa4 Downloading 18.87MB
 d0143bbe2940 Downloading 19.92MB
 c28013ce7862 Downloading 20.97MB
 b21337b36fa4 Downloading 19.92MB
 b21337b36fa4 Downloading 19.92MB
 d0143bbe2940 Downloading 19.92MB
 c28013ce7862 Downloading 20.97MB
 80c0304abda6 Downloading 10.49MB
 5b5fe70539cd Downloading 23.07MB
 a94a80c1968d Downloading 16.78MB
 b21337b36fa4 Downloading 19.92MB
 d0143bbe2940 Downloading 19.92MB
 c28013ce7862 Downloading 20.97MB
 5b5fe70539cd Downloading 23.07MB
 a94a80c1968d Downloading 16.78MB
 80c0304abda6 Downloading 10.49MB
 b21337b36fa4 Downloading 19.92MB
 d0143bbe2940 Downloading 20.97MB
 c28013ce7862 Downloading 20.97MB
 b21337b36fa4 Downloading 19.92MB
 5b5fe70539cd Downloading 23.07MB
 a94a80c1968d Downloading 16.78MB
 80c0304abda6 Downloading 10.49MB
 b21337b36fa4 Downloading 19.92MB
 d0143bbe2940 Downloading 20.97MB
 c28013ce7862 Downloading 22.02MB
 80c0304abda6 Downloading 10.49MB
 5b5fe70539cd Downloading 23.07MB
 a94a80c1968d Downloading 16.78MB
 b21337b36fa4 Downloading 19.92MB
 d0143bbe2940 Downloading 20.97MB
 c28013ce7862 Downloading 22.02MB
 b21337b36fa4 Downloading 20.97MB
 80c0304abda6 Downloading 11.53MB
 5b5fe70539cd Downloading 24.12MB
 a94a80c1968d Downloading 17.83MB
 d0143bbe2940 Downloading 20.97MB
 c28013ce7862 Downloading 22.02MB
 b21337b36fa4 Downloading 20.97MB
 a94a80c1968d Downloading 17.83MB
 80c0304abda6 Downloading 11.53MB
 5b5fe70539cd Downloading 24.12MB
 d0143bbe2940 Downloading 20.97MB
 c28013ce7862 Downloading 22.02MB
 b21337b36fa4 Downloading 20.97MB
 80c0304abda6 Downloading 11.53MB
 5b5fe70539cd Downloading 24.12MB
 a94a80c1968d Downloading 17.83MB
 b21337b36fa4 Downloading 20.97MB
 d0143bbe2940 Downloading 22.02MB
 c28013ce7862 Downloading 23.07MB
 80c0304abda6 Downloading 11.53MB
 5b5fe70539cd Downloading 24.12MB
 a94a80c1968d Downloading 17.83MB
 b21337b36fa4 Downloading 20.97MB
 d0143bbe2940 Downloading 22.02MB
 c28013ce7862 Downloading 23.07MB
 b21337b36fa4 Downloading 20.97MB
 80c0304abda6 Downloading 11.53MB
 5b5fe70539cd Downloading 25.17MB
 a94a80c1968d Downloading 17.83MB
 b21337b36fa4 Downloading 20.97MB
 d0143bbe2940 Downloading 22.02MB
 c28013ce7862 Downloading 23.07MB
 80c0304abda6 Downloading 12.58MB
 5b5fe70539cd Downloading 25.17MB
 a94a80c1968d Downloading 18.87MB
 b21337b36fa4 Downloading 22.02MB
 d0143bbe2940 Downloading 22.02MB
 c28013ce7862 Downloading 24.12MB
 b21337b36fa4 Downloading 22.02MB
 80c0304abda6 Downloading 12.58MB
 5b5fe70539cd Downloading 25.17MB
 a94a80c1968d Downloading 18.87MB
 b21337b36fa4 Downloading 22.02MB
 d0143bbe2940 Downloading 22.02MB
 c28013ce7862 Downloading 24.12MB
 b21337b36fa4 Downloading 22.02MB
 80c0304abda6 Downloading 12.58MB
 5b5fe70539cd Downloading 25.17MB
 a94a80c1968d Downloading 18.87MB
 d0143bbe2940 Downloading 23.07MB
 c28013ce7862 Downloading 25.17MB
 b21337b36fa4 Downloading 22.02MB
 a94a80c1968d Downloading 19.92MB
 80c0304abda6 Downloading 13.63MB
 5b5fe70539cd Downloading 26.21MB
 b21337b36fa4 Downloading 22.02MB
 d0143bbe2940 Downloading 23.07MB
 c28013ce7862 Downloading 25.17MB
 80c0304abda6 Downloading 13.63MB
 5b5fe70539cd Downloading 26.21MB
 a94a80c1968d Downloading 19.92MB
 b21337b36fa4 Downloading 23.07MB
 d0143bbe2940 Downloading 23.07MB
 c28013ce7862 Downloading 25.17MB
 b21337b36fa4 Downloading 23.07MB
 80c0304abda6 Downloading 13.63MB
 5b5fe70539cd Downloading 26.21MB
 a94a80c1968d Downloading 19.92MB
 b21337b36fa4 Downloading 23.07MB
 d0143bbe2940 Downloading 23.07MB
 c28013ce7862 Downloading 26.21MB
 b21337b36fa4 Downloading 23.07MB
 80c0304abda6 Downloading 13.63MB
 5b5fe70539cd Downloading 26.21MB
 a94a80c1968d Downloading 19.92MB
 d0143bbe2940 Downloading 24.12MB
 c28013ce7862 Downloading 26.21MB
 b21337b36fa4 Downloading 23.07MB
 80c0304abda6 Downloading 13.63MB
 5b5fe70539cd Downloading 27.26MB
 a94a80c1968d Downloading 20.97MB
 b21337b36fa4 Downloading 23.07MB
 d0143bbe2940 Downloading 24.12MB
 c28013ce7862 Downloading 26.21MB
 80c0304abda6 Downloading 14.68MB
 5b5fe70539cd Downloading 27.26MB
 a94a80c1968d Downloading 20.97MB
 b21337b36fa4 Downloading 23.07MB
 d0143bbe2940 Downloading 24.12MB
 c28013ce7862 Downloading 27.26MB
 b21337b36fa4 Downloading 23.07MB
 80c0304abda6 Downloading 14.68MB
 5b5fe70539cd Downloading 27.26MB
 a94a80c1968d Downloading 20.97MB
 b21337b36fa4 Downloading 23.07MB
 c28013ce7862 Downloading 27.26MB
 d0143bbe2940 Downloading 24.12MB
 80c0304abda6 Downloading 14.68MB
 5b5fe70539cd Downloading 27.26MB
 a94a80c1968d Downloading 20.97MB
 b21337b36fa4 Downloading 24.12MB
 d0143bbe2940 Downloading 24.12MB
 c28013ce7862 Downloading 27.26MB
 b21337b36fa4 Downloading 24.12MB
 5b5fe70539cd Downloading 27.26MB
 a94a80c1968d Downloading 22.02MB
 80c0304abda6 Downloading 14.68MB
 d0143bbe2940 Downloading 25.17MB
 c28013ce7862 Downloading 27.26MB
 b21337b36fa4 Downloading 24.12MB
 d0143bbe2940 Downloading 25.17MB
 c28013ce7862 Downloading 28.31MB
 80c0304abda6 Downloading 15.73MB
 5b5fe70539cd Downloading 28.31MB
 a94a80c1968d Downloading 22.02MB
 b21337b36fa4 Downloading 24.12MB
 80c0304abda6 Downloading 15.73MB
 5b5fe70539cd Downloading 28.31MB
 a94a80c1968d Downloading 22.02MB
 d0143bbe2940 Downloading 25.17MB
 c28013ce7862 Downloading 28.31MB
 b21337b36fa4 Downloading 24.12MB
 5b5fe70539cd Downloading 28.31MB
 a94a80c1968d Downloading 22.02MB
 80c0304abda6 Downloading 15.73MB
 d0143bbe2940 Downloading 25.17MB
 c28013ce7862 Downloading 28.31MB
 b21337b36fa4 Downloading 24.12MB
 80c0304abda6 Downloading 15.73MB
 5b5fe70539cd Downloading 28.31MB
 a94a80c1968d Downloading 22.02MB
 d0143bbe2940 Downloading 25.17MB
 c28013ce7862 Downloading 28.31MB
 b21337b36fa4 Downloading 24.12MB
 80c0304abda6 Downloading 15.73MB
 5b5fe70539cd Downloading 28.31MB
 a94a80c1968d Downloading 22.02MB
 d0143bbe2940 Downloading 25.17MB
 c28013ce7862 Downloading 28.31MB
 b21337b36fa4 Downloading 24.12MB
 d0143bbe2940 Downloading 25.17MB
 c28013ce7862 Downloading 29.36MB
 80c0304abda6 Downloading 15.73MB
 b21337b36fa4 Downloading 25.17MB
 5b5fe70539cd Download complete 0B
 a94a80c1968d Downloading 22.02MB
 b21337b36fa4 Downloading 25.17MB
 d0143bbe2940 Downloading 26.21MB
 c28013ce7862 Downloading 29.36MB
 5b5fe70539cd Extracting 1B
 80c0304abda6 Downloading 16.78MB
 a94a80c1968d Downloading 23.07MB
 b21337b36fa4 Downloading 25.17MB
 d0143bbe2940 Downloading 26.21MB
 c28013ce7862 Downloading 30.41MB
 b21337b36fa4 Downloading 25.17MB
 5b5fe70539cd Extracting 1B
 d0143bbe2940 Downloading 26.21MB
 c28013ce7862 Downloading 30.41MB
 a94a80c1968d Downloading 24.12MB
 80c0304abda6 Downloading 17.83MB
 b21337b36fa4 Downloading 26.21MB
 b21337b36fa4 Downloading 26.21MB
 5b5fe70539cd Extracting 1B
 d0143bbe2940 Downloading 27.26MB
 c28013ce7862 Downloading 31.46MB
 80c0304abda6 Downloading 17.83MB
 a94a80c1968d Downloading 24.12MB
 b21337b36fa4 Downloading 26.21MB
 c28013ce7862 Downloading 31.46MB
 d0143bbe2940 Downloading 27.26MB
 5b5fe70539cd Extracting 1B
 b21337b36fa4 Downloading 27.26MB
 a94a80c1968d Downloading 25.17MB
 80c0304abda6 Downloading 18.87MB
 b21337b36fa4 Downloading 27.26MB
 d0143bbe2940 Downloading 28.31MB
 c28013ce7862 Downloading 32.51MB
 5b5fe70539cd Extracting 2B
 80c0304abda6 Downloading 18.87MB
 a94a80c1968d Downloading 25.17MB
 b21337b36fa4 Downloading 27.26MB
 d0143bbe2940 Downloading 28.31MB
 c28013ce7862 Downloading 32.51MB
 b21337b36fa4 Downloading 27.26MB
 5b5fe70539cd Extracting 2B
 80c0304abda6 Downloading 18.87MB
 a94a80c1968d Downloading 25.17MB
 d0143bbe2940 Downloading 28.31MB
 c28013ce7862 Downloading 32.51MB
 b21337b36fa4 Downloading 27.26MB
 5b5fe70539cd Extracting 2B
 b21337b36fa4 Downloading 27.26MB
 80c0304abda6 Downloading 19.92MB
 a94a80c1968d Downloading 25.17MB
 d0143bbe2940 Downloading 28.31MB
 c28013ce7862 Downloading 32.51MB
 b21337b36fa4 Downloading 28.31MB
 5b5fe70539cd Extracting 2B
 b21337b36fa4 Downloading 28.31MB
 80c0304abda6 Downloading 19.92MB
 a94a80c1968d Downloading 26.21MB
 d0143bbe2940 Downloading 29.36MB
 c28013ce7862 Downloading 33.55MB
 b21337b36fa4 Downloading 28.31MB
 d0143bbe2940 Downloading 29.36MB
 c28013ce7862 Downloading 33.55MB
 5b5fe70539cd Extracting 2B
 80c0304abda6 Downloading 19.92MB
 a94a80c1968d Downloading 26.21MB
 b21337b36fa4 Downloading 28.31MB
 b21337b36fa4 Downloading 28.31MB
 d0143bbe2940 Downloading 29.36MB
 c28013ce7862 Downloading 34.6MB
 5b5fe70539cd Extracting 2B
 80c0304abda6 Downloading 20.97MB
 a94a80c1968d Downloading 26.21MB
 b21337b36fa4 Downloading 28.31MB
 d0143bbe2940 Downloading 30.41MB
 c28013ce7862 Downloading 34.6MB
 5b5fe70539cd Pull complete 0B
 80c0304abda6 Downloading 20.97MB
 a94a80c1968d Downloading 27.26MB
 b21337b36fa4 Downloading 28.31MB
 b6b4ba8b66ef Extracting 1B
 d0143bbe2940 Downloading 30.41MB
 c28013ce7862 Downloading 34.6MB
 b21337b36fa4 Downloading 28.31MB
 80c0304abda6 Downloading 20.97MB
 a94a80c1968d Downloading 27.26MB
 b6b4ba8b66ef Pull complete 0B
 b21337b36fa4 Downloading 29.36MB
 c28013ce7862 Downloading 34.6MB
 d0143bbe2940 Downloading 30.41MB
 a94a80c1968d Downloading 27.26MB
 80c0304abda6 Downloading 20.97MB
 b21337b36fa4 Downloading 29.36MB
 d0143bbe2940 Downloading 30.41MB
 c28013ce7862 Downloading 34.6MB
 80c0304abda6 Downloading 20.97MB
 a94a80c1968d Downloading 27.26MB
 b21337b36fa4 Downloading 29.36MB
 80c0304abda6 Downloading 22.02MB
 a94a80c1968d Downloading 27.26MB
 c28013ce7862 Downloading 35.65MB
 d0143bbe2940 Downloading 30.41MB
 d0143bbe2940 Downloading 30.41MB
 c28013ce7862 Downloading 35.65MB
 80c0304abda6 Downloading 22.02MB
 a94a80c1968d Downloading 27.26MB
 b21337b36fa4 Downloading 29.36MB
 b21337b36fa4 Downloading 29.36MB
 80c0304abda6 Downloading 22.02MB
 d0143bbe2940 Downloading 30.41MB
 c28013ce7862 Downloading 35.65MB
 a94a80c1968d Downloading 27.26MB
 80c0304abda6 Downloading 22.02MB
 a94a80c1968d Downloading 28.31MB
 d0143bbe2940 Downloading 31.46MB
 c28013ce7862 Downloading 35.65MB
 b21337b36fa4 Downloading 29.36MB
 d0143bbe2940 Downloading 31.46MB
 c28013ce7862 Downloading 35.65MB
 80c0304abda6 Downloading 22.02MB
 a94a80c1968d Downloading 28.31MB
 b21337b36fa4 Downloading 29.36MB
 80c0304abda6 Downloading 22.02MB
 a94a80c1968d Downloading 28.31MB
 b21337b36fa4 Downloading 29.36MB
 d0143bbe2940 Downloading 31.46MB
 c28013ce7862 Downloading 36.7MB
 a94a80c1968d Downloading 28.31MB
 80c0304abda6 Downloading 23.07MB
 b21337b36fa4 Downloading 30.41MB
 d0143bbe2940 Downloading 31.46MB
 c28013ce7862 Downloading 36.7MB
 80c0304abda6 Downloading 23.07MB
 a94a80c1968d Downloading 28.31MB
 c28013ce7862 Downloading 36.7MB
 d0143bbe2940 Downloading 31.46MB
 b21337b36fa4 Downloading 30.78MB
 d0143bbe2940 Downloading 31.46MB
 c28013ce7862 Downloading 36.7MB
 80c0304abda6 Downloading 23.07MB
 a94a80c1968d Downloading 28.31MB
 b21337b36fa4 Downloading 30.78MB
 a94a80c1968d Downloading 29.36MB
 80c0304abda6 Downloading 23.07MB
 d0143bbe2940 Downloading 32.51MB
 c28013ce7862 Downloading 37.75MB
 b21337b36fa4 Download complete 0B
 80c0304abda6 Downloading 23.07MB
 a94a80c1968d Downloading 29.36MB
 d0143bbe2940 Downloading 32.51MB
 c28013ce7862 Downloading 37.75MB
 b21337b36fa4 Extracting 1B
 80c0304abda6 Downloading 24.12MB
 a94a80c1968d Downloading 29.36MB
 d0143bbe2940 Downloading 33.55MB
 c28013ce7862 Downloading 38.8MB
 b21337b36fa4 Extracting 1B
 80c0304abda6 Downloading 24.12MB
 a94a80c1968d Downloading 29.36MB
 a94a80c1968d Downloading 30.41MB
 80c0304abda6 Downloading 25.17MB
 d0143bbe2940 Downloading 33.55MB
 b21337b36fa4 Extracting 1B
 c28013ce7862 Downloading 38.8MB
 b21337b36fa4 Extracting 1B
 80c0304abda6 Downloading 25.17MB
 a94a80c1968d Downloading 30.41MB
 d0143bbe2940 Downloading 34.6MB
 c28013ce7862 Downloading 39.85MB
 b21337b36fa4 Extracting 1B
 80c0304abda6 Downloading 26.21MB
 a94a80c1968d Downloading 31.46MB
 d0143bbe2940 Downloading 34.6MB
 c28013ce7862 Downloading 39.85MB
 b21337b36fa4 Extracting 1B
 80c0304abda6 Downloading 26.21MB
 a94a80c1968d Downloading 31.46MB
 b21337b36fa4 Extracting 2B
 d0143bbe2940 Downloading 34.6MB
 c28013ce7862 Downloading 40.89MB
 a94a80c1968d Downloading 31.46MB
 80c0304abda6 Downloading 26.21MB
 b21337b36fa4 Extracting 2B
 80c0304abda6 Downloading 27.26MB
 d0143bbe2940 Downloading 35.65MB
 c28013ce7862 Downloading 40.89MB
 a94a80c1968d Downloading 32.51MB
 b21337b36fa4 Extracting 2B
 a94a80c1968d Downloading 32.51MB
 80c0304abda6 Downloading 27.26MB
 d0143bbe2940 Downloading 35.65MB
 c28013ce7862 Downloading 41.94MB
 b21337b36fa4 Extracting 2B
 a94a80c1968d Downloading 32.51MB
 80c0304abda6 Downloading 27.26MB
 d0143bbe2940 Downloading 35.65MB
 c28013ce7862 Downloading 41.94MB
 b21337b36fa4 Extracting 2B
 80c0304abda6 Downloading 28.31MB
 a94a80c1968d Downloading 32.51MB
 d0143bbe2940 Downloading 36.7MB
 c28013ce7862 Downloading 41.94MB
 b21337b36fa4 Extracting 2B
 80c0304abda6 Downloading 30.41MB
 a94a80c1968d Downloading 32.51MB
 a94a80c1968d Downloading 32.51MB
 80c0304abda6 Downloading 30.41MB
 d0143bbe2940 Downloading 36.7MB
 c28013ce7862 Downloading 42.99MB
 b21337b36fa4 Extracting 3B
 a94a80c1968d Downloading 33.55MB
 80c0304abda6 Downloading 31.46MB
 d0143bbe2940 Downloading 36.7MB
 c28013ce7862 Downloading 42.99MB
 b21337b36fa4 Pull complete 0B
 f2b7aea2301e Extracting 1B
 80c0304abda6 Downloading 32.51MB
 a94a80c1968d Downloading 33.55MB
 d0143bbe2940 Downloading 37.75MB
 c28013ce7862 Downloading 42.99MB
 f2b7aea2301e Extracting 1B
 80c0304abda6 Downloading 32.51MB
 a94a80c1968d Downloading 33.55MB
 c28013ce7862 Downloading 44.04MB
 d0143bbe2940 Downloading 37.75MB
 f2b7aea2301e Extracting 1B
 a94a80c1968d Downloading 33.55MB
 80c0304abda6 Downloading 33.55MB
 f2b7aea2301e Extracting 1B
 d0143bbe2940 Downloading 37.75MB
 c28013ce7862 Downloading 44.04MB
 80c0304abda6 Downloading 33.55MB
 a94a80c1968d Downloading 33.55MB
 f2b7aea2301e Extracting 1B
 80c0304abda6 Downloading 33.55MB
 a94a80c1968d Downloading 34.6MB
 d0143bbe2940 Downloading 37.75MB
 c28013ce7862 Downloading 44.04MB
 f2b7aea2301e Extracting 1B
 a94a80c1968d Downloading 34.6MB
 80c0304abda6 Downloading 34.6MB
 d0143bbe2940 Downloading 37.75MB
 c28013ce7862 Downloading 44.04MB
 f2b7aea2301e Extracting 1B
 d0143bbe2940 Downloading 38.8MB
 c28013ce7862 Downloading 44.04MB
 80c0304abda6 Downloading 34.6MB
 a94a80c1968d Downloading 34.6MB
 f2b7aea2301e Extracting 1B
 80c0304abda6 Downloading 34.6MB
 a94a80c1968d Downloading 34.6MB
 d0143bbe2940 Downloading 38.8MB
 c28013ce7862 Downloading 45.09MB
 f2b7aea2301e Extracting 1B
 d0143bbe2940 Downloading 38.8MB
 c28013ce7862 Downloading 45.09MB
 80c0304abda6 Downloading 35.65MB
 a94a80c1968d Downloading 34.6MB
 f2b7aea2301e Pull complete 0B
 80c0304abda6 Downloading 35.65MB
 a94a80c1968d Downloading 34.6MB
 d0143bbe2940 Downloading 38.8MB
 c28013ce7862 Downloading 45.09MB
 201a049c3a80 Extracting 1B
 80c0304abda6 Downloading 36.7MB
 a94a80c1968d Downloading 34.6MB
 d0143bbe2940 Downloading 38.8MB
 c28013ce7862 Downloading 45.09MB
 201a049c3a80 Extracting 1B
 80c0304abda6 Downloading 36.7MB
 a94a80c1968d Downloading 35.65MB
 d0143bbe2940 Downloading 38.8MB
 c28013ce7862 Downloading 45.09MB
 201a049c3a80 Pull complete 0B
 02a23b10b0bd Extracting 1B
 80c0304abda6 Downloading 37.75MB
 a94a80c1968d Downloading 35.65MB
 d0143bbe2940 Downloading 39.85MB
 c28013ce7862 Downloading 45.09MB
 02a23b10b0bd Pull complete 0B
 80c0304abda6 Downloading 37.75MB
 a94a80c1968d Downloading 35.65MB
 d0143bbe2940 Downloading 39.85MB
 c28013ce7862 Downloading 46.14MB
 Image coturn/coturn:latest Pulled 
 80c0304abda6 Downloading 37.75MB
 a94a80c1968d Downloading 35.65MB
 d0143bbe2940 Downloading 39.85MB
 c28013ce7862 Downloading 46.14MB
 80c0304abda6 Downloading 38.48MB
 a94a80c1968d Downloading 35.65MB
 d0143bbe2940 Downloading 39.85MB
 c28013ce7862 Downloading 46.14MB
 80c0304abda6 Downloading 38.8MB
 a94a80c1968d Downloading 35.65MB
 d0143bbe2940 Downloading 39.85MB
 c28013ce7862 Downloading 46.14MB
 80c0304abda6 Downloading 39.85MB
 a94a80c1968d Downloading 35.65MB
 d0143bbe2940 Downloading 40.89MB
 c28013ce7862 Downloading 46.14MB
 a94a80c1968d Downloading 36.7MB
 80c0304abda6 Downloading 39.85MB
 d0143bbe2940 Downloading 40.89MB
 c28013ce7862 Downloading 47.19MB
 80c0304abda6 Downloading 39.85MB
 a94a80c1968d Downloading 36.7MB
 d0143bbe2940 Downloading 40.89MB
 c28013ce7862 Downloading 47.19MB
 a94a80c1968d Downloading 36.7MB
 80c0304abda6 Downloading 40.89MB
 d0143bbe2940 Downloading 40.89MB
 c28013ce7862 Downloading 47.19MB
 a94a80c1968d Downloading 36.7MB
 80c0304abda6 Downloading 40.89MB
 c28013ce7862 Downloading 47.19MB
 d0143bbe2940 Downloading 40.89MB
 80c0304abda6 Downloading 41.94MB
 a94a80c1968d Downloading 36.7MB
 d0143bbe2940 Downloading 40.89MB
 c28013ce7862 Downloading 47.19MB
 80c0304abda6 Downloading 41.94MB
 a94a80c1968d Downloading 37.75MB
 d0143bbe2940 Downloading 40.89MB
 c28013ce7862 Downloading 48.23MB
 80c0304abda6 Downloading 41.94MB
 a94a80c1968d Downloading 37.75MB
 d0143bbe2940 Downloading 41.94MB
 c28013ce7862 Downloading 48.23MB
 80c0304abda6 Downloading 42.99MB
 a94a80c1968d Downloading 37.75MB
 d0143bbe2940 Downloading 41.94MB
 c28013ce7862 Downloading 48.23MB
 80c0304abda6 Downloading 42.99MB
 a94a80c1968d Downloading 37.75MB
 d0143bbe2940 Downloading 41.94MB
 c28013ce7862 Downloading 48.23MB
 d0143bbe2940 Downloading 41.94MB
 c28013ce7862 Downloading 48.23MB
 a94a80c1968d Downloading 37.75MB
 80c0304abda6 Downloading 44.04MB
 80c0304abda6 Downloading 44.04MB
 a94a80c1968d Downloading 37.75MB
 c28013ce7862 Downloading 48.23MB
 d0143bbe2940 Downloading 41.94MB
 a94a80c1968d Downloading 38.8MB
 80c0304abda6 Downloading 44.04MB
 c28013ce7862 Downloading 49.28MB
 d0143bbe2940 Downloading 42.99MB
 80c0304abda6 Downloading 45.09MB
 a94a80c1968d Downloading 38.8MB
 d0143bbe2940 Downloading 42.99MB
 c28013ce7862 Downloading 49.28MB
 80c0304abda6 Downloading 45.09MB
 a94a80c1968d Downloading 38.8MB
 d0143bbe2940 Downloading 42.99MB
 c28013ce7862 Downloading 49.28MB
 80c0304abda6 Downloading 46.14MB
 a94a80c1968d Downloading 38.8MB
 d0143bbe2940 Downloading 42.99MB
 c28013ce7862 Downloading 49.28MB
 80c0304abda6 Downloading 46.14MB
 a94a80c1968d Downloading 38.8MB
 d0143bbe2940 Downloading 42.99MB
 c28013ce7862 Downloading 49.28MB
 a94a80c1968d Downloading 38.8MB
 80c0304abda6 Downloading 46.14MB
 d0143bbe2940 Downloading 42.99MB
 c28013ce7862 Downloading 50.33MB
 80c0304abda6 Downloading 47.19MB
 a94a80c1968d Downloading 39.85MB
 d0143bbe2940 Downloading 42.99MB
 c28013ce7862 Downloading 50.33MB
 80c0304abda6 Download complete 0B
 a94a80c1968d Downloading 39.85MB
 d0143bbe2940 Downloading 44.04MB
 c28013ce7862 Downloading 50.33MB
 a94a80c1968d Downloading 39.85MB
 d0143bbe2940 Downloading 44.04MB
 c28013ce7862 Downloading 50.33MB
 d0143bbe2940 Downloading 44.04MB
 c28013ce7862 Downloading 50.33MB
 a94a80c1968d Downloading 39.85MB
 a94a80c1968d Downloading 39.85MB
 d0143bbe2940 Downloading 44.04MB
 c28013ce7862 Downloading 51.38MB
 a94a80c1968d Downloading 40.89MB
 d0143bbe2940 Downloading 45.09MB
 c28013ce7862 Downloading 51.38MB
 a94a80c1968d Downloading 40.89MB
 d0143bbe2940 Downloading 45.09MB
 c28013ce7862 Downloading 51.38MB
 a94a80c1968d Downloading 40.89MB
 d0143bbe2940 Downloading 45.09MB
 c28013ce7862 Downloading 52.43MB
 a94a80c1968d Downloading 41.94MB
 d0143bbe2940 Downloading 45.09MB
 c28013ce7862 Downloading 52.43MB
 a94a80c1968d Downloading 41.94MB
 d0143bbe2940 Downloading 46.14MB
 c28013ce7862 Downloading 52.43MB
 d0143bbe2940 Downloading 46.14MB
 c28013ce7862 Downloading 53.48MB
 a94a80c1968d Downloading 41.94MB
 d0143bbe2940 Downloading 46.14MB
 c28013ce7862 Downloading 53.48MB
 a94a80c1968d Downloading 42.99MB
 a94a80c1968d Downloading 42.99MB
 d0143bbe2940 Downloading 47.19MB
 c28013ce7862 Downloading 53.48MB
 a94a80c1968d Downloading 42.99MB
 d0143bbe2940 Downloading 47.19MB
 c28013ce7862 Downloading 54.53MB
 d0143bbe2940 Downloading 47.19MB
 c28013ce7862 Downloading 54.53MB
 a94a80c1968d Downloading 42.99MB
 a94a80c1968d Downloading 44.04MB
 d0143bbe2940 Downloading 47.19MB
 c28013ce7862 Downloading 54.53MB
 a94a80c1968d Downloading 44.04MB
 d0143bbe2940 Downloading 48.23MB
 c28013ce7862 Downloading 54.53MB
 d0143bbe2940 Downloading 48.23MB
 c28013ce7862 Downloading 55.57MB
 a94a80c1968d Downloading 44.04MB
 d0143bbe2940 Downloading 49.28MB
 c28013ce7862 Downloading 55.57MB
 a94a80c1968d Downloading 44.04MB
 a94a80c1968d Downloading 45.09MB
 d0143bbe2940 Downloading 49.28MB
 c28013ce7862 Downloading 55.57MB
 d0143bbe2940 Downloading 49.28MB
 c28013ce7862 Downloading 56.62MB
 a94a80c1968d Downloading 45.09MB
 a94a80c1968d Downloading 45.09MB
 d0143bbe2940 Downloading 50.33MB
 c28013ce7862 Downloading 56.62MB
 d0143bbe2940 Downloading 50.33MB
 c28013ce7862 Downloading 56.62MB
 a94a80c1968d Downloading 46.14MB
 a94a80c1968d Downloading 46.14MB
 d0143bbe2940 Downloading 50.33MB
 c28013ce7862 Downloading 57.67MB
 d0143bbe2940 Downloading 50.33MB
 c28013ce7862 Downloading 57.67MB
 a94a80c1968d Downloading 46.14MB
 a94a80c1968d Downloading 47.19MB
 d0143bbe2940 Downloading 51.38MB
 c28013ce7862 Downloading 57.67MB
 a94a80c1968d Downloading 47.19MB
 d0143bbe2940 Downloading 51.38MB
 c28013ce7862 Downloading 58.72MB
 a94a80c1968d Downloading 47.19MB
 d0143bbe2940 Downloading 51.38MB
 c28013ce7862 Downloading 58.72MB
 a94a80c1968d Download complete 0B
 d0143bbe2940 Downloading 52.43MB
 c28013ce7862 Downloading 58.72MB
 a94a80c1968d Extracting 1B
 d0143bbe2940 Downloading 52.43MB
 c28013ce7862 Downloading 59.77MB
 a94a80c1968d Extracting 1B
 d0143bbe2940 Downloading 53.48MB
 c28013ce7862 Downloading 59.77MB
 a94a80c1968d Extracting 1B
 d0143bbe2940 Downloading 53.48MB
 c28013ce7862 Downloading 59.77MB
 a94a80c1968d Extracting 1B
 c28013ce7862 Downloading 60.82MB
 d0143bbe2940 Downloading 54.53MB
 a94a80c1968d Extracting 1B
 d0143bbe2940 Downloading 54.53MB
 c28013ce7862 Downloading 61.87MB
 a94a80c1968d Extracting 1B
 d0143bbe2940 Downloading 54.53MB
 c28013ce7862 Downloading 61.87MB
 a94a80c1968d Extracting 1B
 a94a80c1968d Extracting 1B
 d0143bbe2940 Downloading 55.57MB
 c28013ce7862 Downloading 61.87MB
 d0143bbe2940 Downloading 55.57MB
 c28013ce7862 Downloading 62.91MB
 a94a80c1968d Extracting 1B
 c28013ce7862 Downloading 62.91MB
 d0143bbe2940 Downloading 56.62MB
 a94a80c1968d Extracting 1B
 d0143bbe2940 Downloading 56.62MB
 c28013ce7862 Downloading 63.96MB
 a94a80c1968d Extracting 2B
 d0143bbe2940 Downloading 57.67MB
 c28013ce7862 Downloading 63.96MB
 a94a80c1968d Extracting 2B
 c28013ce7862 Downloading 65.01MB
 d0143bbe2940 Downloading 57.67MB
 a94a80c1968d Extracting 2B
 d0143bbe2940 Downloading 58.72MB
 c28013ce7862 Downloading 65.01MB
 a94a80c1968d Extracting 2B
 c28013ce7862 Downloading 66.06MB
 d0143bbe2940 Downloading 58.72MB
 a94a80c1968d Extracting 2B
 d0143bbe2940 Downloading 59.77MB
 c28013ce7862 Downloading 66.06MB
 a94a80c1968d Extracting 2B
 d0143bbe2940 Downloading 59.77MB
 c28013ce7862 Downloading 66.06MB
 a94a80c1968d Extracting 2B
 d0143bbe2940 Downloading 60.82MB
 c28013ce7862 Downloading 67.11MB
 a94a80c1968d Extracting 2B
 c28013ce7862 Downloading 68.16MB
 d0143bbe2940 Downloading 61.87MB
 d0143bbe2940 Downloading 61.87MB
 c28013ce7862 Downloading 68.16MB
 a94a80c1968d Extracting 3B
 a94a80c1968d Extracting 3B
 c28013ce7862 Downloading 69.21MB
 d0143bbe2940 Downloading 62.91MB
 d0143bbe2940 Downloading 62.91MB
 c28013ce7862 Downloading 69.21MB
 a94a80c1968d Extracting 3B
 d0143bbe2940 Downloading 62.91MB
 c28013ce7862 Downloading 70.25MB
 a94a80c1968d Extracting 3B
 a94a80c1968d Extracting 3B
 d0143bbe2940 Downloading 63.96MB
 c28013ce7862 Downloading 70.25MB
 d0143bbe2940 Downloading 65.01MB
 c28013ce7862 Downloading 71.3MB
 a94a80c1968d Extracting 3B
 c28013ce7862 Downloading 72.35MB
 d0143bbe2940 Downloading 65.01MB
 a94a80c1968d Extracting 3B
 d0143bbe2940 Downloading 66.06MB
 c28013ce7862 Downloading 72.35MB
 a94a80c1968d Extracting 3B
 d0143bbe2940 Downloading 66.06MB
 c28013ce7862 Downloading 73.4MB
 a94a80c1968d Extracting 4B
 d0143bbe2940 Downloading 67.11MB
 c28013ce7862 Downloading 73.4MB
 a94a80c1968d Extracting 4B
 d0143bbe2940 Downloading 67.11MB
 c28013ce7862 Downloading 73.56MB
 a94a80c1968d Extracting 4B
 d0143bbe2940 Downloading 68.16MB
 c28013ce7862 Downloading 74.45MB
 d0143bbe2940 Downloading 69.21MB
 c28013ce7862 Downloading 75.5MB
 a94a80c1968d Extracting 4B
 d0143bbe2940 Downloading 69.21MB
 c28013ce7862 Downloading 75.5MB
 a94a80c1968d Extracting 4B
 d0143bbe2940 Downloading 69.21MB
 c28013ce7862 Downloading 75.5MB
 a94a80c1968d Extracting 4B
 a94a80c1968d Extracting 4B
 d0143bbe2940 Downloading 69.21MB
 c28013ce7862 Downloading 76.55MB
 a94a80c1968d Extracting 4B
 d0143bbe2940 Downloading 70.25MB
 c28013ce7862 Downloading 76.55MB
 a94a80c1968d Extracting 4B
 c28013ce7862 Downloading 77.59MB
 d0143bbe2940 Downloading 70.25MB
 a94a80c1968d Extracting 4B
 d0143bbe2940 Downloading 71.3MB
 c28013ce7862 Downloading 77.59MB
 a94a80c1968d Extracting 5B
 d0143bbe2940 Downloading 71.3MB
 c28013ce7862 Downloading 78.64MB
 a94a80c1968d Extracting 5B
 d0143bbe2940 Downloading 72.35MB
 c28013ce7862 Downloading 78.64MB
 a94a80c1968d Extracting 5B
 d0143bbe2940 Downloading 72.35MB
 c28013ce7862 Downloading 78.64MB
 a94a80c1968d Extracting 5B
 c28013ce7862 Downloading 79.69MB
 d0143bbe2940 Downloading 73.4MB
 a94a80c1968d Extracting 5B
 d0143bbe2940 Downloading 73.4MB
 c28013ce7862 Downloading 80.74MB
 a94a80c1968d Extracting 5B
 d0143bbe2940 Downloading 74.45MB
 c28013ce7862 Downloading 80.74MB
 a94a80c1968d Extracting 5B
 d0143bbe2940 Downloading 74.45MB
 c28013ce7862 Downloading 80.74MB
 a94a80c1968d Pull complete 0B
 d0143bbe2940 Downloading 75.5MB
 c28013ce7862 Downloading 81.79MB
 18d96a48dd18 Extracting 1B
 d0143bbe2940 Downloading 75.5MB
 c28013ce7862 Downloading 82.84MB
 18d96a48dd18 Pull complete 0B
 d0143bbe2940 Downloading 77.59MB
 c28013ce7862 Downloading 83.89MB
 e64b1a602d1c Extracting 1B
 d0143bbe2940 Downloading 77.59MB
 c28013ce7862 Downloading 83.89MB
 d0143bbe2940 Downloading 77.59MB
 c28013ce7862 Downloading 84.93MB
 d0143bbe2940 Downloading 78.64MB
 c28013ce7862 Downloading 84.93MB
 e64b1a602d1c Pull complete 0B
 d0143bbe2940 Downloading 78.64MB
 c28013ce7862 Downloading 85.98MB
 d0143bbe2940 Downloading 79.69MB
 c28013ce7862 Downloading 85.98MB
 5f692c7d3e30 Extracting 1B
 d0143bbe2940 Downloading 79.69MB
 c28013ce7862 Downloading 87.03MB
 5f692c7d3e30 Pull complete 0B
 80c0304abda6 Extracting 1B
 d0143bbe2940 Downloading 79.69MB
 c28013ce7862 Downloading 87.03MB
 80c0304abda6 Extracting 1B
 80c0304abda6 Extracting 1B
 d0143bbe2940 Downloading 80.74MB
 c28013ce7862 Downloading 87.03MB
 d0143bbe2940 Downloading 81.79MB
 c28013ce7862 Downloading 88.08MB
 80c0304abda6 Extracting 1B
 c28013ce7862 Downloading 89.13MB
 d0143bbe2940 Downloading 81.79MB
 80c0304abda6 Extracting 1B
 80c0304abda6 Extracting 1B
 d0143bbe2940 Downloading 82.84MB
 c28013ce7862 Downloading 89.13MB
 80c0304abda6 Extracting 1B
 d0143bbe2940 Downloading 82.84MB
 c28013ce7862 Downloading 89.13MB
 c28013ce7862 Downloading 90.18MB
 d0143bbe2940 Downloading 82.84MB
 80c0304abda6 Extracting 1B
 80c0304abda6 Extracting 1B
 d0143bbe2940 Downloading 83.89MB
 c28013ce7862 Downloading 90.18MB
 80c0304abda6 Extracting 1B
 d0143bbe2940 Downloading 83.89MB
 c28013ce7862 Downloading 91.23MB
 80c0304abda6 Extracting 1B
 d0143bbe2940 Downloading 84.93MB
 c28013ce7862 Downloading 91.23MB
 80c0304abda6 Extracting 2B
 d0143bbe2940 Downloading 84.93MB
 c28013ce7862 Downloading 92.27MB
 d0143bbe2940 Downloading 85.98MB
 c28013ce7862 Downloading 92.27MB
 80c0304abda6 Extracting 2B
 80c0304abda6 Extracting 2B
 d0143bbe2940 Downloading 85.98MB
 c28013ce7862 Downloading 92.27MB
 80c0304abda6 Extracting 2B
 d0143bbe2940 Downloading 85.98MB
 c28013ce7862 Downloading 93.32MB
 d0143bbe2940 Downloading 85.98MB
 c28013ce7862 Downloading 93.32MB
 80c0304abda6 Extracting 2B
 d0143bbe2940 Downloading 87.03MB
 c28013ce7862 Downloading 93.32MB
 80c0304abda6 Extracting 2B
 80c0304abda6 Extracting 2B
 c28013ce7862 Downloading 94.37MB
 d0143bbe2940 Downloading 87.03MB
 80c0304abda6 Extracting 2B
 c28013ce7862 Downloading 95.42MB
 d0143bbe2940 Downloading 87.03MB
 80c0304abda6 Extracting 2B
 d0143bbe2940 Downloading 88.08MB
 c28013ce7862 Downloading 96.47MB
 80c0304abda6 Extracting 3B
 80c0304abda6 Extracting 3B
 d0143bbe2940 Downloading 89.13MB
 c28013ce7862 Downloading 97.52MB
 80c0304abda6 Extracting 3B
 80c0304abda6 Extracting 3B
 d0143bbe2940 Downloading 89.13MB
 c28013ce7862 Downloading 98.57MB
 d0143bbe2940 Downloading 90.18MB
 c28013ce7862 Downloading 99.61MB
 80c0304abda6 Extracting 3B
 d0143bbe2940 Downloading 90.18MB
 c28013ce7862 Downloading 99.61MB
 80c0304abda6 Extracting 3B
 d0143bbe2940 Downloading 90.18MB
 c28013ce7862 Downloading 99.61MB
 80c0304abda6 Extracting 3B
 d0143bbe2940 Downloading 90.18MB
 c28013ce7862 Downloading 99.61MB
 80c0304abda6 Extracting 3B
 80c0304abda6 Extracting 3B
 d0143bbe2940 Downloading 91.23MB
 c28013ce7862 Downloading 101.7MB
 d0143bbe2940 Downloading 92.27MB
 c28013ce7862 Downloading 101.7MB
 80c0304abda6 Pull complete 0B
 c28013ce7862 Downloading 102.8MB
 d0143bbe2940 Downloading 92.27MB
 d0143bbe2940 Downloading 93.32MB
 c28013ce7862 Downloading 102.8MB
 d0143bbe2940 Downloading 93.32MB
 c28013ce7862 Downloading 103.8MB
 dce0150271ad Extracting 1B
 d0143bbe2940 Downloading 93.32MB
 c28013ce7862 Downloading 103.8MB
 dce0150271ad Extracting 1B
 d0143bbe2940 Downloading 94.37MB
 c28013ce7862 Downloading 104.9MB
 c28013ce7862 Downloading 104.9MB
 d0143bbe2940 Downloading 94.37MB
 dce0150271ad Extracting 1B
 dce0150271ad Extracting 1B
 d0143bbe2940 Downloading 95.42MB
 c28013ce7862 Downloading 104.9MB
 dce0150271ad Extracting 1B
 d0143bbe2940 Downloading 95.42MB
 c28013ce7862 Downloading 105.9MB
 dce0150271ad Pull complete 0B
 d0143bbe2940 Downloading 96.47MB
 c28013ce7862 Downloading 107MB
 d0143bbe2940 Downloading 96.47MB
 c28013ce7862 Downloading 107MB
 d0143bbe2940 Downloading 96.47MB
 c28013ce7862 Downloading 108MB
 d0143bbe2940 Downloading 97.52MB
 c28013ce7862 Downloading 108MB
 d0143bbe2940 Downloading 98.57MB
 c28013ce7862 Downloading 108MB
 d0143bbe2940 Downloading 99.15MB
 c28013ce7862 Downloading 108MB
 d0143bbe2940 Downloading 99.15MB
 c28013ce7862 Downloading 109.1MB
 d0143bbe2940 Downloading 99.15MB
 c28013ce7862 Downloading 110.1MB
 d0143bbe2940 Downloading 99.15MB
 c28013ce7862 Downloading 110.1MB
 c28013ce7862 Downloading 111.1MB
 d0143bbe2940 Downloading 99.15MB
 d0143bbe2940 Downloading 99.15MB
 c28013ce7862 Downloading 112.2MB
 d0143bbe2940 Downloading 99.15MB
 c28013ce7862 Downloading 113.2MB
 Image trufflesuite/ganache:latest Pulled 
 d0143bbe2940 Downloading 99.15MB
 c28013ce7862 Downloading 114.3MB
 d0143bbe2940 Downloading 99.15MB
 c28013ce7862 Downloading 115.3MB
 d0143bbe2940 Downloading 99.15MB
 c28013ce7862 Downloading 116.4MB
 d0143bbe2940 Downloading 99.15MB
 c28013ce7862 Downloading 117.4MB
 d0143bbe2940 Downloading 99.15MB
 c28013ce7862 Downloading 117.4MB
 c28013ce7862 Downloading 118.5MB
 c28013ce7862 Downloading 119.5MB
 c28013ce7862 Downloading 120.6MB
 d0143bbe2940 Download complete 0B
 c28013ce7862 Downloading 121.6MB
 d0143bbe2940 Extracting 1B
 c28013ce7862 Downloading 121.6MB
 d0143bbe2940 Extracting 1B
 c28013ce7862 Downloading 122.7MB
 d0143bbe2940 Extracting 1B
 c28013ce7862 Downloading 123.7MB
 d0143bbe2940 Extracting 1B
 c28013ce7862 Downloading 125.8MB
 d0143bbe2940 Extracting 1B
 c28013ce7862 Downloading 126.9MB
 d0143bbe2940 Extracting 1B
 c28013ce7862 Downloading 126.9MB
 d0143bbe2940 Extracting 1B
 c28013ce7862 Downloading 127.9MB
 d0143bbe2940 Extracting 1B
 c28013ce7862 Downloading 129MB
 d0143bbe2940 Extracting 1B
 c28013ce7862 Downloading 130MB
 d0143bbe2940 Extracting 1B
 c28013ce7862 Downloading 131.1MB
 d0143bbe2940 Extracting 1B
 c28013ce7862 Downloading 131.1MB
 d0143bbe2940 Extracting 2B
 c28013ce7862 Downloading 132.1MB
 d0143bbe2940 Extracting 2B
 c28013ce7862 Downloading 133.2MB
 d0143bbe2940 Extracting 2B
 c28013ce7862 Downloading 135.3MB
 d0143bbe2940 Extracting 2B
 c28013ce7862 Downloading 135.3MB
 d0143bbe2940 Extracting 2B
 c28013ce7862 Downloading 136.3MB
 d0143bbe2940 Extracting 2B
 c28013ce7862 Downloading 137.4MB
 d0143bbe2940 Extracting 2B
 c28013ce7862 Downloading 138.4MB
 d0143bbe2940 Extracting 2B
 c28013ce7862 Downloading 139.5MB
 d0143bbe2940 Extracting 2B
 c28013ce7862 Downloading 140.5MB
 d0143bbe2940 Extracting 3B
 c28013ce7862 Downloading 141.6MB
 d0143bbe2940 Extracting 3B
 c28013ce7862 Downloading 143.7MB
 d0143bbe2940 Extracting 3B
 c28013ce7862 Downloading 145.8MB
 d0143bbe2940 Extracting 3B
 c28013ce7862 Downloading 145.8MB
 d0143bbe2940 Extracting 3B
 c28013ce7862 Downloading 145.8MB
 d0143bbe2940 Extracting 3B
 c28013ce7862 Downloading 146.8MB
 d0143bbe2940 Extracting 3B
 c28013ce7862 Downloading 147.8MB
 d0143bbe2940 Extracting 3B
 c28013ce7862 Downloading 148.9MB
 d0143bbe2940 Extracting 3B
 c28013ce7862 Downloading 149.9MB
 d0143bbe2940 Extracting 4B
 c28013ce7862 Downloading 151MB
 d0143bbe2940 Extracting 4B
 c28013ce7862 Downloading 151MB
 d0143bbe2940 Extracting 4B
 c28013ce7862 Downloading 153.1MB
 d0143bbe2940 Extracting 4B
 c28013ce7862 Downloading 154.1MB
 d0143bbe2940 Extracting 4B
 c28013ce7862 Downloading 155.2MB
 d0143bbe2940 Extracting 4B
 c28013ce7862 Downloading 156.2MB
 d0143bbe2940 Extracting 4B
 c28013ce7862 Downloading 157.3MB
 d0143bbe2940 Extracting 4B
 c28013ce7862 Downloading 158.3MB
 d0143bbe2940 Extracting 4B
 c28013ce7862 Downloading 159.4MB
 d0143bbe2940 Extracting 4B
 c28013ce7862 Downloading 159.4MB
 d0143bbe2940 Extracting 4B
 c28013ce7862 Downloading 159.4MB
 d0143bbe2940 Extracting 5B
 c28013ce7862 Downloading 160.4MB
 d0143bbe2940 Extracting 5B
 c28013ce7862 Downloading 161.5MB
 d0143bbe2940 Extracting 5B
 c28013ce7862 Downloading 161.5MB
 d0143bbe2940 Extracting 5B
 c28013ce7862 Downloading 162.5MB
 d0143bbe2940 Extracting 5B
 c28013ce7862 Downloading 162.5MB
 d0143bbe2940 Extracting 5B
 c28013ce7862 Downloading 163.6MB
 d0143bbe2940 Extracting 5B
 c28013ce7862 Downloading 164.6MB
 d0143bbe2940 Extracting 5B
 c28013ce7862 Downloading 164.6MB
 d0143bbe2940 Extracting 5B
 c28013ce7862 Downloading 165.7MB
 d0143bbe2940 Extracting 5B
 c28013ce7862 Downloading 166.7MB
 d0143bbe2940 Extracting 6B
 c28013ce7862 Downloading 166.7MB
 d0143bbe2940 Extracting 6B
 c28013ce7862 Downloading 167.8MB
 d0143bbe2940 Extracting 6B
 c28013ce7862 Downloading 167.8MB
 d0143bbe2940 Extracting 6B
 c28013ce7862 Downloading 168.8MB
 d0143bbe2940 Extracting 6B
 c28013ce7862 Downloading 168.8MB
 d0143bbe2940 Extracting 6B
 c28013ce7862 Downloading 168.8MB
 d0143bbe2940 Extracting 6B
 c28013ce7862 Downloading 169.9MB
 d0143bbe2940 Extracting 6B
 c28013ce7862 Downloading 169.9MB
 d0143bbe2940 Extracting 6B
 c28013ce7862 Downloading 170.9MB
 c28013ce7862 Downloading 170.9MB
 c28013ce7862 Downloading 172MB
 d0143bbe2940 Pull complete 0B
 c28013ce7862 Downloading 172.2MB
 c28013ce7862 Downloading 173MB
 45f596f5db79 Extracting 1B
 c28013ce7862 Downloading 174.1MB
 45f596f5db79 Pull complete 0B
 c28013ce7862 Downloading 174.1MB
 c28013ce7862 Downloading 175.1MB
 c28013ce7862 Downloading 176.2MB
 c28013ce7862 Downloading 176.2MB
 c28013ce7862 Downloading 177.2MB
 c28013ce7862 Downloading 178.3MB
 c28013ce7862 Downloading 179.3MB
 c28013ce7862 Downloading 179.3MB
 c28013ce7862 Downloading 180.4MB
 c28013ce7862 Downloading 181.4MB
 c28013ce7862 Downloading 182.5MB
 c28013ce7862 Downloading 183.5MB
 c28013ce7862 Downloading 184.5MB
 c28013ce7862 Downloading 185.6MB
 c28013ce7862 Downloading 186.6MB
 c28013ce7862 Downloading 186.6MB
 c28013ce7862 Downloading 187.7MB
 c28013ce7862 Downloading 188.7MB
 c28013ce7862 Downloading 188.7MB
 c28013ce7862 Downloading 188.7MB
 c28013ce7862 Downloading 189.8MB
 c28013ce7862 Downloading 190.8MB
 c28013ce7862 Downloading 190.8MB
 c28013ce7862 Downloading 191.9MB
 c28013ce7862 Downloading 191.9MB
 c28013ce7862 Downloading 194MB
 c28013ce7862 Downloading 194MB
 c28013ce7862 Downloading 195MB
 c28013ce7862 Downloading 196.1MB
 c28013ce7862 Downloading 197.1MB
 c28013ce7862 Downloading 197.1MB
 c28013ce7862 Downloading 198.2MB
 c28013ce7862 Downloading 199.2MB
 c28013ce7862 Downloading 199.2MB
 c28013ce7862 Downloading 200.3MB
 c28013ce7862 Downloading 201.3MB
 c28013ce7862 Downloading 201.3MB
 c28013ce7862 Downloading 202.4MB
 c28013ce7862 Downloading 202.4MB
 c28013ce7862 Downloading 203.4MB
 c28013ce7862 Downloading 203.4MB
 c28013ce7862 Downloading 204.5MB
 c28013ce7862 Downloading 204.5MB
 c28013ce7862 Downloading 205.5MB
 c28013ce7862 Downloading 205.5MB
 c28013ce7862 Downloading 206.6MB
 c28013ce7862 Downloading 206.6MB
 c28013ce7862 Downloading 207.6MB
 c28013ce7862 Downloading 208.7MB
 c28013ce7862 Downloading 209.7MB
 c28013ce7862 Downloading 209.7MB
 c28013ce7862 Downloading 210.8MB
 c28013ce7862 Downloading 211.8MB
 c28013ce7862 Downloading 211.8MB
 c28013ce7862 Downloading 211.8MB
 c28013ce7862 Downloading 211.8MB
 c28013ce7862 Downloading 212.9MB
 c28013ce7862 Downloading 213.9MB
 c28013ce7862 Downloading 216MB
 c28013ce7862 Downloading 217.1MB
 c28013ce7862 Downloading 219.2MB
 c28013ce7862 Downloading 220.2MB
 c28013ce7862 Downloading 221.2MB
 c28013ce7862 Downloading 222.3MB
 c28013ce7862 Downloading 223.3MB
 c28013ce7862 Downloading 224.4MB
 c28013ce7862 Downloading 225.4MB
 c28013ce7862 Downloading 226.5MB
 c28013ce7862 Downloading 227.5MB
 c28013ce7862 Downloading 228.6MB
 c28013ce7862 Downloading 229.6MB
 c28013ce7862 Downloading 230.7MB
 c28013ce7862 Downloading 230.7MB
 c28013ce7862 Downloading 231.7MB
 c28013ce7862 Downloading 232.8MB
 c28013ce7862 Downloading 233.8MB
 c28013ce7862 Downloading 233.8MB
 c28013ce7862 Downloading 234.9MB
 c28013ce7862 Downloading 235.9MB
 c28013ce7862 Downloading 237MB
 c28013ce7862 Downloading 238MB
 c28013ce7862 Downloading 239.1MB
 c28013ce7862 Downloading 240.1MB
 c28013ce7862 Downloading 240.1MB
 c28013ce7862 Downloading 242.2MB
 c28013ce7862 Downloading 242.2MB
 c28013ce7862 Downloading 243.3MB
 c28013ce7862 Downloading 244.3MB
 c28013ce7862 Downloading 245.4MB
 c28013ce7862 Downloading 245.4MB
 c28013ce7862 Downloading 246.4MB
 c28013ce7862 Downloading 246.4MB
 c28013ce7862 Downloading 247.5MB
 c28013ce7862 Downloading 247.5MB
 c28013ce7862 Downloading 248.5MB
 c28013ce7862 Downloading 248.5MB
 c28013ce7862 Downloading 249.6MB
 c28013ce7862 Downloading 249.6MB
 c28013ce7862 Downloading 249.6MB
 c28013ce7862 Downloading 250.6MB
 c28013ce7862 Downloading 250.6MB
 c28013ce7862 Downloading 250.6MB
 c28013ce7862 Downloading 250.6MB
 c28013ce7862 Downloading 251.7MB
 c28013ce7862 Downloading 251.7MB
 c28013ce7862 Downloading 252.7MB
 c28013ce7862 Downloading 252.7MB
 c28013ce7862 Downloading 252.7MB
 c28013ce7862 Downloading 252.7MB
 c28013ce7862 Downloading 253.8MB
 c28013ce7862 Downloading 253.8MB
 c28013ce7862 Downloading 254.8MB
 c28013ce7862 Downloading 254.8MB
 c28013ce7862 Downloading 255.9MB
 c28013ce7862 Downloading 255.9MB
 c28013ce7862 Downloading 256.9MB
 c28013ce7862 Downloading 257.9MB
 c28013ce7862 Downloading 259MB
 c28013ce7862 Downloading 259MB
 c28013ce7862 Downloading 260MB
 c28013ce7862 Downloading 261.1MB
 c28013ce7862 Downloading 262.1MB
 c28013ce7862 Downloading 263.2MB
 c28013ce7862 Downloading 264.2MB
 c28013ce7862 Downloading 264.2MB
 c28013ce7862 Downloading 265.3MB
 c28013ce7862 Downloading 266.3MB
 c28013ce7862 Downloading 267.4MB
 c28013ce7862 Downloading 268.4MB
 c28013ce7862 Downloading 269.5MB
 c28013ce7862 Downloading 270.5MB
 c28013ce7862 Downloading 270.5MB
 c28013ce7862 Downloading 272.6MB
 c28013ce7862 Downloading 272.6MB
 c28013ce7862 Downloading 273.7MB
 c28013ce7862 Downloading 274.7MB
 c28013ce7862 Downloading 275.8MB
 c28013ce7862 Downloading 275.8MB
 c28013ce7862 Downloading 276.8MB
 c28013ce7862 Downloading 277.9MB
 c28013ce7862 Downloading 278.9MB
 c28013ce7862 Downloading 280MB
 c28013ce7862 Downloading 280MB
 c28013ce7862 Downloading 281MB
 c28013ce7862 Downloading 281MB
 c28013ce7862 Downloading 281MB
 c28013ce7862 Downloading 281MB
 c28013ce7862 Downloading 282.1MB
 c28013ce7862 Downloading 283.1MB
 c28013ce7862 Downloading 284.2MB
 c28013ce7862 Downloading 284.2MB
 c28013ce7862 Downloading 285.2MB
 c28013ce7862 Downloading 286.3MB
 c28013ce7862 Downloading 287.3MB
 c28013ce7862 Downloading 288.7MB
 c28013ce7862 Downloading 288.7MB
 c28013ce7862 Downloading 288.7MB
 c28013ce7862 Downloading 288.7MB
 c28013ce7862 Downloading 288.7MB
 c28013ce7862 Downloading 288.7MB
 c28013ce7862 Downloading 288.7MB
 c28013ce7862 Downloading 288.7MB
 c28013ce7862 Downloading 288.7MB
 c28013ce7862 Downloading 288.7MB
 c28013ce7862 Downloading 288.7MB
 c28013ce7862 Downloading 288.7MB
 c28013ce7862 Downloading 288.7MB
 c28013ce7862 Downloading 288.7MB
 c28013ce7862 Downloading 288.7MB
 c28013ce7862 Download complete 0B
 c28013ce7862 Extracting 1B
 c28013ce7862 Extracting 1B
 c28013ce7862 Extracting 1B
 c28013ce7862 Extracting 1B
 c28013ce7862 Extracting 1B
 c28013ce7862 Extracting 1B
 c28013ce7862 Extracting 1B
 c28013ce7862 Extracting 1B
 c28013ce7862 Extracting 1B
 c28013ce7862 Extracting 1B
 c28013ce7862 Extracting 2B
 c28013ce7862 Extracting 2B
 c28013ce7862 Extracting 2B
 c28013ce7862 Extracting 2B
 c28013ce7862 Extracting 2B
 c28013ce7862 Extracting 2B
 c28013ce7862 Extracting 2B
 c28013ce7862 Extracting 2B
 c28013ce7862 Extracting 2B
 c28013ce7862 Extracting 2B
 c28013ce7862 Extracting 3B
 c28013ce7862 Extracting 3B
 c28013ce7862 Extracting 3B
 c28013ce7862 Extracting 3B
 c28013ce7862 Extracting 3B
 c28013ce7862 Extracting 3B
 c28013ce7862 Extracting 3B
 c28013ce7862 Extracting 3B
 c28013ce7862 Extracting 3B
 c28013ce7862 Extracting 3B
 c28013ce7862 Extracting 4B
 c28013ce7862 Extracting 4B
 c28013ce7862 Extracting 4B
 c28013ce7862 Extracting 4B
 c28013ce7862 Extracting 4B
 c28013ce7862 Extracting 4B
 c28013ce7862 Extracting 4B
 c28013ce7862 Extracting 4B
 c28013ce7862 Extracting 4B
 c28013ce7862 Extracting 5B
 c28013ce7862 Extracting 5B
 c28013ce7862 Extracting 5B
 c28013ce7862 Extracting 5B
 c28013ce7862 Extracting 5B
 c28013ce7862 Extracting 5B
 c28013ce7862 Extracting 5B
 c28013ce7862 Extracting 5B
 c28013ce7862 Extracting 5B
 c28013ce7862 Extracting 5B
 c28013ce7862 Extracting 6B
 c28013ce7862 Extracting 6B
 c28013ce7862 Extracting 6B
 c28013ce7862 Extracting 6B
 c28013ce7862 Extracting 6B
 c28013ce7862 Extracting 6B
 c28013ce7862 Extracting 6B
 c28013ce7862 Extracting 6B
 c28013ce7862 Extracting 6B
 c28013ce7862 Extracting 6B
 c28013ce7862 Extracting 6B
 c28013ce7862 Extracting 7B
 c28013ce7862 Extracting 7B
 c28013ce7862 Extracting 7B
 c28013ce7862 Extracting 7B
 c28013ce7862 Extracting 7B
 c28013ce7862 Extracting 7B
 c28013ce7862 Extracting 7B
 c28013ce7862 Extracting 7B
 c28013ce7862 Extracting 7B
 c28013ce7862 Extracting 8B
 c28013ce7862 Extracting 8B
 c28013ce7862 Extracting 8B
 c28013ce7862 Extracting 8B
 c28013ce7862 Extracting 8B
 c28013ce7862 Extracting 8B
 c28013ce7862 Extracting 8B
 c28013ce7862 Extracting 8B
 c28013ce7862 Extracting 8B
 c28013ce7862 Extracting 8B
 c28013ce7862 Extracting 9B
 c28013ce7862 Extracting 9B
 c28013ce7862 Extracting 9B
 c28013ce7862 Extracting 9B
 c28013ce7862 Extracting 9B
 c28013ce7862 Extracting 9B
 c28013ce7862 Extracting 9B
 c28013ce7862 Extracting 9B
 c28013ce7862 Extracting 9B
 c28013ce7862 Extracting 9B
 c28013ce7862 Extracting 10B
 c28013ce7862 Extracting 10B
 c28013ce7862 Extracting 10B
 c28013ce7862 Extracting 10B
 c28013ce7862 Extracting 10B
 c28013ce7862 Extracting 10B
 c28013ce7862 Extracting 10B
 c28013ce7862 Extracting 10B
 c28013ce7862 Extracting 10B
 c28013ce7862 Extracting 10B
 c28013ce7862 Extracting 11B
 c28013ce7862 Extracting 11B
 c28013ce7862 Extracting 11B
 c28013ce7862 Extracting 11B
 c28013ce7862 Extracting 11B
 c28013ce7862 Extracting 11B
 c28013ce7862 Extracting 11B
 c28013ce7862 Extracting 11B
 c28013ce7862 Extracting 11B
 c28013ce7862 Extracting 11B
 c28013ce7862 Extracting 12B
 c28013ce7862 Extracting 12B
 c28013ce7862 Extracting 12B
 c28013ce7862 Extracting 12B
 c28013ce7862 Extracting 12B
 c28013ce7862 Extracting 12B
 c28013ce7862 Extracting 12B
 c28013ce7862 Extracting 12B
 c28013ce7862 Extracting 12B
 c28013ce7862 Extracting 12B
 c28013ce7862 Extracting 13B
 c28013ce7862 Extracting 13B
 c28013ce7862 Extracting 13B
 c28013ce7862 Extracting 13B
 c28013ce7862 Extracting 13B
 c28013ce7862 Extracting 13B
 c28013ce7862 Extracting 13B
 c28013ce7862 Extracting 13B
 c28013ce7862 Extracting 13B
 c28013ce7862 Extracting 13B
 c28013ce7862 Extracting 13B
 c28013ce7862 Extracting 14B
 c28013ce7862 Extracting 14B
 c28013ce7862 Extracting 14B
 c28013ce7862 Extracting 14B
 c28013ce7862 Extracting 14B
 c28013ce7862 Extracting 14B
 c28013ce7862 Pull complete 0B
 189594475858 Extracting 1B
 189594475858 Extracting 1B
 449ae9028303 Extracting 1B
 189594475858 Pull complete 0B
 449ae9028303 Pull complete 0B
 603911942889 Extracting 1B
 603911942889 Extracting 1B
 603911942889 Extracting 1B
 603911942889 Extracting 1B
 603911942889 Pull complete 0B
 4f4fb700ef54 Extracting 1B
 4f4fb700ef54 Pull complete 0B
 Image elguala96/signaling-contract-deployer:v1.0.2 Pulled 
 Image ermesdart-peer-charlie Building 
 Image ermesdart-peer-alice Building 
 Image ermesdart-peer-bob Building 
 Image ermesdart-peer-dave Building 
#1 [internal] load local bake definitions
#1 reading from stdin 2.17kB 0.0s done
#1 DONE 0.0s

#2 [peer-bob internal] load build definition from Dockerfile.peer
#2 transferring dockerfile:
#2 transferring dockerfile: 1.62kB 0.1s done
#2 DONE 0.7s

#2 [peer-charlie internal] load build definition from Dockerfile.peer
#2 DONE 0.7s

#3 [peer-dave internal] load metadata for docker.io/library/dart:stable
#3 ...

#4 [auth] library/debian:pull token for registry-1.docker.io
#4 DONE 0.0s

#3 [peer-bob internal] load metadata for docker.io/library/dart:stable
#3 DONE 1.1s

#5 [peer-bob internal] load metadata for docker.io/library/debian:bookworm-slim
#5 DONE 1.3s

#6 [peer-dave internal] load .dockerignore
#6 transferring context:
#6 transferring context: 2B 0.1s done
#6 DONE 0.3s

#6 [peer-charlie internal] load .dockerignore
#6 DONE 0.3s

#7 [peer-bob internal] load build context
#7 DONE 0.0s

#8 [peer-alice builder  1/16] FROM docker.io/library/dart:stable@sha256:9c3e4eb8613c85a3089520054257f43e1bcf4d3752359abb6af32d18898d9b45
#8 resolve docker.io/library/dart:stable@sha256:9c3e4eb8613c85a3089520054257f43e1bcf4d3752359abb6af32d18898d9b45
#8 resolve docker.io/library/dart:stable@sha256:9c3e4eb8613c85a3089520054257f43e1bcf4d3752359abb6af32d18898d9b45 0.6s done
#8 DONE 0.6s

#9 [peer-alice stage-1 1/6] FROM docker.io/library/debian:bookworm-slim@sha256:4724b8cc51e33e398f0e2e15e18d5ec2851ff0c2280647e1310bc1642182655d
#9 resolve docker.io/library/debian:bookworm-slim@sha256:4724b8cc51e33e398f0e2e15e18d5ec2851ff0c2280647e1310bc1642182655d 0.4s done
#9 ...

#8 [peer-bob builder  1/16] FROM docker.io/library/dart:stable@sha256:9c3e4eb8613c85a3089520054257f43e1bcf4d3752359abb6af32d18898d9b45
#8 resolve docker.io/library/dart:stable@sha256:9c3e4eb8613c85a3089520054257f43e1bcf4d3752359abb6af32d18898d9b45 0.6s done
#8 DONE 0.6s

#10 [peer-charlie builder 1/5] FROM docker.io/library/dart:latest@sha256:9c3e4eb8613c85a3089520054257f43e1bcf4d3752359abb6af32d18898d9b45
#10 resolve docker.io/library/dart:latest@sha256:9c3e4eb8613c85a3089520054257f43e1bcf4d3752359abb6af32d18898d9b45 0.0s done
#10 CACHED

#9 [peer-charlie stage-1 1/6] FROM docker.io/library/debian:bookworm-slim@sha256:4724b8cc51e33e398f0e2e15e18d5ec2851ff0c2280647e1310bc1642182655d
#9 DONE 0.8s

#7 [peer-charlie internal] load build context
#7 ...

#11 [peer-charlie builder  2/16] WORKDIR /build
#11 DONE 0.5s

#7 [peer-charlie internal] load build context
#7 transferring context: 23.23MB 4.1s
#7 ...

#9 [peer-bob stage-1 1/6] FROM docker.io/library/debian:bookworm-slim@sha256:4724b8cc51e33e398f0e2e15e18d5ec2851ff0c2280647e1310bc1642182655d
#9 sha256:da539b6761059a0a114c6671f1267b57445e3a54da023db5c28be019e40f0284 28.24MB / 28.24MB 3.9s done
#9 DONE 4.9s

#7 [peer-charlie internal] load build context
#7 ...

#9 [peer-charlie stage-1 1/6] FROM docker.io/library/debian:bookworm-slim@sha256:4724b8cc51e33e398f0e2e15e18d5ec2851ff0c2280647e1310bc1642182655d
#9 extracting sha256:da539b6761059a0a114c6671f1267b57445e3a54da023db5c28be019e40f0284 2.7s done
#9 DONE 7.6s

#7 [peer-charlie internal] load build context
#7 transferring context: 63.91MB 9.2s
#7 transferring context: 131.05MB 14.3s
#7 ...

#12 [peer-bob stage-1 2/6] RUN apt-get update && apt-get install -y ca-certificates iproute2 && rm -rf /var/lib/apt/lists/*
#12 0.842 Get:1 http://deb.debian.org/debian bookworm InRelease [151 kB]
#12 0.903 Get:2 http://deb.debian.org/debian bookworm-updates InRelease [55.4 kB]
#12 0.922 Get:3 http://deb.debian.org/debian-security bookworm-security InRelease [48.0 kB]
#12 1.063 Get:4 http://deb.debian.org/debian bookworm/main amd64 Packages [8792 kB]
#12 1.973 Get:5 http://deb.debian.org/debian bookworm-updates/main amd64 Packages [6924 B]
#12 2.046 Get:6 http://deb.debian.org/debian-security bookworm-security/main amd64 Packages [294 kB]
#12 4.990 Fetched 9347 kB in 4s (2204 kB/s)
#12 4.990 Reading package lists...
#12 6.610 Reading package lists...
#12 8.064 Building dependency tree...
#12 8.642 Reading state information...
#12 9.543 The following additional packages will be installed:
#12 9.543   krb5-locales libatm1 libbpf1 libbsd0 libcap2-bin libelf1 libgssapi-krb5-2
#12 9.543   libk5crypto3 libkeyutils1 libkrb5-3 libkrb5support0 libmnl0 libpam-cap
#12 9.543   libssl3 libtirpc-common libtirpc3 libxtables12 openssl
#12 9.543 Suggested packages:
#12 9.543   iproute2-doc python3:any krb5-doc krb5-user
#12 9.832 The following NEW packages will be installed:
#12 9.832   ca-certificates iproute2 krb5-locales libatm1 libbpf1 libbsd0 libcap2-bin
#12 9.834   libelf1 libgssapi-krb5-2 libk5crypto3 libkeyutils1 libkrb5-3 libkrb5support0
#12 9.835   libmnl0 libpam-cap libssl3 libtirpc-common libtirpc3 libxtables12 openssl
#12 ...

#7 [peer-charlie internal] load build context
#7 transferring context: 199.49MB 19.3s
#7 transferring context: 233.86MB 21.6s done
#7 DONE 21.8s

#12 [peer-bob stage-1 2/6] RUN apt-get update && apt-get install -y ca-certificates iproute2 && rm -rf /var/lib/apt/lists/*
#12 9.990 0 upgraded, 20 newly installed, 0 to remove and 0 not upgraded.
#12 9.990 Need to get 6020 kB of archives.
#12 9.990 After this operation, 17.2 MB of additional disk space will be used.
#12 9.990 Get:1 http://deb.debian.org/debian bookworm/main amd64 libelf1 amd64 0.188-2.1 [174 kB]
#12 10.05 Get:2 http://deb.debian.org/debian bookworm/main amd64 libbpf1 amd64 1:1.1.2-0+deb12u1 [145 kB]
#12 10.13 Get:3 http://deb.debian.org/debian bookworm/main amd64 libbsd0 amd64 0.11.7-2 [117 kB]
#12 10.13 Get:4 http://deb.debian.org/debian bookworm/main amd64 libmnl0 amd64 1.0.4-3 [12.5 kB]
#12 10.13 Get:5 http://deb.debian.org/debian bookworm/main amd64 libkrb5support0 amd64 1.20.1-2+deb12u4 [33.2 kB]
#12 10.13 Get:6 http://deb.debian.org/debian bookworm/main amd64 libk5crypto3 amd64 1.20.1-2+deb12u4 [79.8 kB]
#12 10.13 Get:7 http://deb.debian.org/debian bookworm/main amd64 libkeyutils1 amd64 1.6.3-2 [8808 B]
#12 10.13 Get:8 http://deb.debian.org/debian-security bookworm-security/main amd64 libssl3 amd64 3.0.19-1~deb12u2 [2032 kB]
#12 10.35 Get:9 http://deb.debian.org/debian bookworm/main amd64 libkrb5-3 amd64 1.20.1-2+deb12u4 [334 kB]
#12 10.38 Get:10 http://deb.debian.org/debian bookworm/main amd64 libgssapi-krb5-2 amd64 1.20.1-2+deb12u4 [135 kB]
#12 10.40 Get:11 http://deb.debian.org/debian bookworm/main amd64 libtirpc-common all 1.3.3+ds-1 [14.0 kB]
#12 10.40 Get:12 http://deb.debian.org/debian bookworm/main amd64 libtirpc3 amd64 1.3.3+ds-1 [85.2 kB]
#12 10.47 Get:13 http://deb.debian.org/debian bookworm/main amd64 libxtables12 amd64 1.8.9-2 [30.8 kB]
#12 10.51 Get:14 http://deb.debian.org/debian bookworm/main amd64 libcap2-bin amd64 1:2.66-4+deb12u2+b2 [35.2 kB]
#12 10.58 Get:15 http://deb.debian.org/debian bookworm/main amd64 iproute2 amd64 6.1.0-3 [1046 kB]
#12 10.70 Get:16 http://deb.debian.org/debian-security bookworm-security/main amd64 openssl amd64 3.0.19-1~deb12u2 [1435 kB]
#12 10.97 Get:17 http://deb.debian.org/debian bookworm/main amd64 ca-certificates all 20230311+deb12u1 [155 kB]
#12 10.99 Get:18 http://deb.debian.org/debian bookworm/main amd64 krb5-locales all 1.20.1-2+deb12u4 [63.4 kB]
#12 11.00 Get:19 http://deb.debian.org/debian bookworm/main amd64 libatm1 amd64 1:2.5.1-4+b2 [68.3 kB]
#12 11.01 Get:20 http://deb.debian.org/debian bookworm/main amd64 libpam-cap amd64 1:2.66-4+deb12u2+b2 [15.0 kB]
#12 11.45 debconf: delaying package configuration, since apt-utils is not installed
#12 11.50 Fetched 6020 kB in 1s (5295 kB/s)
#12 11.55 Selecting previously unselected package libelf1:amd64.
#12 11.55 (Reading database ... (Reading database ... 5%(Reading database ... 10%(Reading database ... 15%(Reading database ... 20%(Reading database ... 25%(Reading database ... 30%(Reading database ... 35%(Reading database ... 40%(Reading database ... 45%(Reading database ... 50%(Reading database ... 55%(Reading database ... 60%(Reading database ... 65%(Reading database ... 70%(Reading database ... 75%(Reading database ... 80%(Reading database ... 85%(Reading database ... 90%(Reading database ... 95%(Reading database ... 100%(Reading database ... 6096 files and directories currently installed.)
#12 11.56 Preparing to unpack .../00-libelf1_0.188-2.1_amd64.deb ...
#12 11.58 Unpacking libelf1:amd64 (0.188-2.1) ...
#12 11.73 Selecting previously unselected package libbpf1:amd64.
#12 11.73 Preparing to unpack .../01-libbpf1_1%3a1.1.2-0+deb12u1_amd64.deb ...
#12 11.73 Unpacking libbpf1:amd64 (1:1.1.2-0+deb12u1) ...
#12 11.87 Selecting previously unselected package libbsd0:amd64.
#12 11.87 Preparing to unpack .../02-libbsd0_0.11.7-2_amd64.deb ...
#12 11.87 Unpacking libbsd0:amd64 (0.11.7-2) ...
#12 12.02 Selecting previously unselected package libmnl0:amd64.
#12 12.02 Preparing to unpack .../03-libmnl0_1.0.4-3_amd64.deb ...
#12 12.02 Unpacking libmnl0:amd64 (1.0.4-3) ...
#12 12.11 Selecting previously unselected package libkrb5support0:amd64.
#12 12.11 Preparing to unpack .../04-libkrb5support0_1.20.1-2+deb12u4_amd64.deb ...
#12 12.12 Unpacking libkrb5support0:amd64 (1.20.1-2+deb12u4) ...
#12 12.22 Selecting previously unselected package libk5crypto3:amd64.
#12 12.22 Preparing to unpack .../05-libk5crypto3_1.20.1-2+deb12u4_amd64.deb ...
#12 12.24 Unpacking libk5crypto3:amd64 (1.20.1-2+deb12u4) ...
#12 12.37 Selecting previously unselected package libkeyutils1:amd64.
#12 12.37 Preparing to unpack .../06-libkeyutils1_1.6.3-2_amd64.deb ...
#12 12.37 Unpacking libkeyutils1:amd64 (1.6.3-2) ...
#12 12.52 Selecting previously unselected package libssl3:amd64.
#12 12.52 Preparing to unpack .../07-libssl3_3.0.19-1~deb12u2_amd64.deb ...
#12 12.53 Unpacking libssl3:amd64 (3.0.19-1~deb12u2) ...
#12 13.12 Selecting previously unselected package libkrb5-3:amd64.
#12 13.12 Preparing to unpack .../08-libkrb5-3_1.20.1-2+deb12u4_amd64.deb ...
#12 13.14 Unpacking libkrb5-3:amd64 (1.20.1-2+deb12u4) ...
#12 13.37 Selecting previously unselected package libgssapi-krb5-2:amd64.
#12 13.37 Preparing to unpack .../09-libgssapi-krb5-2_1.20.1-2+deb12u4_amd64.deb ...
#12 13.38 Unpacking libgssapi-krb5-2:amd64 (1.20.1-2+deb12u4) ...
#12 13.51 Selecting previously unselected package libtirpc-common.
#12 13.51 Preparing to unpack .../10-libtirpc-common_1.3.3+ds-1_all.deb ...
#12 13.55 Unpacking libtirpc-common (1.3.3+ds-1) ...
#12 13.64 Selecting previously unselected package libtirpc3:amd64.
#12 13.64 Preparing to unpack .../11-libtirpc3_1.3.3+ds-1_amd64.deb ...
#12 13.65 Unpacking libtirpc3:amd64 (1.3.3+ds-1) ...
#12 13.76 Selecting previously unselected package libxtables12:amd64.
#12 13.76 Preparing to unpack .../12-libxtables12_1.8.9-2_amd64.deb ...
#12 13.79 Unpacking libxtables12:amd64 (1.8.9-2) ...
#12 13.85 Selecting previously unselected package libcap2-bin.
#12 13.85 Preparing to unpack .../13-libcap2-bin_1%3a2.66-4+deb12u2+b2_amd64.deb ...
#12 13.87 Unpacking libcap2-bin (1:2.66-4+deb12u2+b2) ...
#12 13.99 Selecting previously unselected package iproute2.
#12 13.99 Preparing to unpack .../14-iproute2_6.1.0-3_amd64.deb ...
#12 13.99 Unpacking iproute2 (6.1.0-3) ...
#12 14.35 Selecting previously unselected package openssl.
#12 14.35 Preparing to unpack .../15-openssl_3.0.19-1~deb12u2_amd64.deb ...
#12 14.35 Unpacking openssl (3.0.19-1~deb12u2) ...
#12 ...

#7 [peer-dave internal] load build context
#7 DONE 21.8s

#13 [peer-dave builder  3/16] COPY packages/iermes ./packages/iermes
#13 DONE 2.6s

#12 [peer-bob stage-1 2/6] RUN apt-get update && apt-get install -y ca-certificates iproute2 && rm -rf /var/lib/apt/lists/*
#12 14.67 Selecting previously unselected package ca-certificates.
#12 14.67 Preparing to unpack .../16-ca-certificates_20230311+deb12u1_all.deb ...
#12 14.67 Unpacking ca-certificates (20230311+deb12u1) ...
#12 14.82 Selecting previously unselected package krb5-locales.
#12 14.82 Preparing to unpack .../17-krb5-locales_1.20.1-2+deb12u4_all.deb ...
#12 14.88 Unpacking krb5-locales (1.20.1-2+deb12u4) ...
#12 ...

#13 [peer-alice builder  3/16] COPY packages/iermes ./packages/iermes
#13 DONE 2.6s

#12 [peer-bob stage-1 2/6] RUN apt-get update && apt-get install -y ca-certificates iproute2 && rm -rf /var/lib/apt/lists/*
#12 17.10 Selecting previously unselected package libatm1:amd64.
#12 17.10 Preparing to unpack .../18-libatm1_1%3a2.5.1-4+b2_amd64.deb ...
#12 17.12 Unpacking libatm1:amd64 (1:2.5.1-4+b2) ...
#12 17.24 Selecting previously unselected package libpam-cap:amd64.
#12 17.24 Preparing to unpack .../19-libpam-cap_1%3a2.66-4+deb12u2+b2_amd64.deb ...
#12 17.28 Unpacking libpam-cap:amd64 (1:2.66-4+deb12u2+b2) ...
#12 ...

#14 [peer-bob builder  4/16] COPY packages/ermes_storage ./packages/ermes_storage
#14 DONE 0.6s

#14 [peer-alice builder  4/16] COPY packages/ermes_storage ./packages/ermes_storage
#14 DONE 0.6s

#15 [peer-dave builder  5/16] COPY packages/ermes_cipher ./packages/ermes_cipher
#15 DONE 0.4s

#12 [peer-bob stage-1 2/6] RUN apt-get update && apt-get install -y ca-certificates iproute2 && rm -rf /var/lib/apt/lists/*
#12 17.65 Setting up libkeyutils1:amd64 (1.6.3-2) ...
#12 17.69 Setting up libtirpc-common (1.3.3+ds-1) ...
#12 17.75 Setting up libssl3:amd64 (3.0.19-1~deb12u2) ...
#12 17.80 Setting up krb5-locales (1.20.1-2+deb12u4) ...
#12 ...

#15 [peer-charlie builder  5/16] COPY packages/ermes_cipher ./packages/ermes_cipher
#15 DONE 0.4s

#12 [peer-bob stage-1 2/6] RUN apt-get update && apt-get install -y ca-certificates iproute2 && rm -rf /var/lib/apt/lists/*
#12 18.02 Setting up libatm1:amd64 (1:2.5.1-4+b2) ...
#12 18.07 Setting up libkrb5support0:amd64 (1.20.1-2+deb12u4) ...
#12 18.12 Setting up libcap2-bin (1:2.66-4+deb12u2+b2) ...
#12 ...

#16 [peer-dave builder  6/16] COPY packages/ermes_id_handler ./packages/ermes_id_handler
#16 DONE 0.3s

#12 [peer-bob stage-1 2/6] RUN apt-get update && apt-get install -y ca-certificates iproute2 && rm -rf /var/lib/apt/lists/*
#12 18.16 Setting up libmnl0:amd64 (1.0.4-3) ...
#12 ...

#16 [peer-bob builder  6/16] COPY packages/ermes_id_handler ./packages/ermes_id_handler
#16 DONE 0.3s

#12 [peer-bob stage-1 2/6] RUN apt-get update && apt-get install -y ca-certificates iproute2 && rm -rf /var/lib/apt/lists/*
#12 18.29 Setting up libk5crypto3:amd64 (1.20.1-2+deb12u4) ...
#12 18.34 Setting up libxtables12:amd64 (1.8.9-2) ...
#12 18.44 Setting up libkrb5-3:amd64 (1.20.1-2+deb12u4) ...
#12 ...

#17 [peer-dave builder  7/16] COPY packages/ermes_message_control ./packages/ermes_message_control
#17 DONE 0.3s

#12 [peer-bob stage-1 2/6] RUN apt-get update && apt-get install -y ca-certificates iproute2 && rm -rf /var/lib/apt/lists/*
#12 18.59 Setting up openssl (3.0.19-1~deb12u2) ...
#12 18.64 Setting up libbsd0:amd64 (0.11.7-2) ...
#12 18.68 Setting up libelf1:amd64 (0.188-2.1) ...
#12 18.74 Setting up libpam-cap:amd64 (1:2.66-4+deb12u2+b2) ...
#12 ...

#18 [peer-alice builder  8/16] COPY packages/ermes_signaling ./packages/ermes_signaling
#18 DONE 0.4s

#18 [peer-charlie builder  8/16] COPY packages/ermes_signaling ./packages/ermes_signaling
#18 DONE 0.4s

#19 [peer-bob builder  9/16] COPY packages/ermes_core ./packages/ermes_core
#19 DONE 0.6s

#12 [peer-bob stage-1 2/6] RUN apt-get update && apt-get install -y ca-certificates iproute2 && rm -rf /var/lib/apt/lists/*
#12 19.11 debconf: unable to initialize frontend: Dialog
#12 19.11 debconf: (TERM is not set, so the dialog frontend is not usable.)
#12 19.11 debconf: falling back to frontend: Readline
#12 19.11 debconf: unable to initialize frontend: Readline
#12 19.11 debconf: (Can't locate Term/ReadLine.pm in @INC (you may need to install the Term::ReadLine module) (@INC contains: /etc/perl /usr/local/lib/x86_64-linux-gnu/perl/5.36.0 /usr/local/share/perl/5.36.0 /usr/lib/x86_64-linux-gnu/perl5/5.36 /usr/share/perl5 /usr/lib/x86_64-linux-gnu/perl-base /usr/lib/x86_64-linux-gnu/perl/5.36 /usr/share/perl/5.36 /usr/local/lib/site_perl) at /usr/share/perl5/Debconf/FrontEnd/Readline.pm line 7.)
#12 19.11 debconf: falling back to frontend: Teletype
#12 19.22 Setting up libbpf1:amd64 (1:1.1.2-0+deb12u1) ...
#12 19.25 Setting up ca-certificates (20230311+deb12u1) ...
#12 19.35 debconf: unable to initialize frontend: Dialog
#12 19.35 debconf: (TERM is not set, so the dialog frontend is not usable.)
#12 19.35 debconf: falling back to frontend: Readline
#12 19.35 debconf: unable to initialize frontend: Readline
#12 19.35 debconf: (Can't locate Term/ReadLine.pm in @INC (you may need to install the Term::ReadLine module) (@INC contains: /etc/perl /usr/local/lib/x86_64-linux-gnu/perl/5.36.0 /usr/local/share/perl/5.36.0 /usr/lib/x86_64-linux-gnu/perl5/5.36 /usr/share/perl5 /usr/lib/x86_64-linux-gnu/perl-base /usr/lib/x86_64-linux-gnu/perl/5.36 /usr/share/perl/5.36 /usr/local/lib/site_perl) at /usr/share/perl5/Debconf/FrontEnd/Readline.pm line 7.)
#12 19.35 debconf: falling back to frontend: Teletype
#12 ...

#19 [peer-alice builder  9/16] COPY packages/ermes_core ./packages/ermes_core
#19 DONE 0.6s

#20 [peer-alice builder 10/16] COPY packages/ermes_test ./packages/ermes_test
#20 DONE 0.5s

#12 [peer-bob stage-1 2/6] RUN apt-get update && apt-get install -y ca-certificates iproute2 && rm -rf /var/lib/apt/lists/*
#12 19.89 Updating certificates in /etc/ssl/certs...
#12 ...

#20 [peer-alice builder 10/16] COPY packages/ermes_test ./packages/ermes_test
#20 DONE 0.5s

#21 [peer-charlie builder 11/16] COPY packages/ermes_peer_node ./packages/ermes_peer_node
#21 DONE 0.2s

#12 [peer-bob stage-1 2/6] RUN apt-get update && apt-get install -y ca-certificates iproute2 && rm -rf /var/lib/apt/lists/*
#12 ...

#21 [peer-dave builder 11/16] COPY packages/ermes_peer_node ./packages/ermes_peer_node
#21 DONE 0.2s

#12 [peer-bob stage-1 2/6] RUN apt-get update && apt-get install -y ca-certificates iproute2 && rm -rf /var/lib/apt/lists/*
#12 20.43 142 added, 0 removed; done.
#12 ...

#22 [peer-dave builder 12/16] COPY pubspec.yaml .
#22 DONE 0.2s

#12 [peer-bob stage-1 2/6] RUN apt-get update && apt-get install -y ca-certificates iproute2 && rm -rf /var/lib/apt/lists/*
#12 20.51 Setting up libgssapi-krb5-2:amd64 (1.20.1-2+deb12u4) ...
#12 20.55 Setting up libtirpc3:amd64 (1.3.3+ds-1) ...
#12 ...

#22 [peer-bob builder 12/16] COPY pubspec.yaml .
#22 DONE 0.2s

#12 [peer-bob stage-1 2/6] RUN apt-get update && apt-get install -y ca-certificates iproute2 && rm -rf /var/lib/apt/lists/*
#12 20.61 Setting up iproute2 (6.1.0-3) ...
#12 20.97 debconf: unable to initialize frontend: Dialog
#12 20.97 debconf: (TERM is not set, so the dialog frontend is not usable.)
#12 20.97 debconf: falling back to frontend: Readline
#12 20.97 debconf: unable to initialize frontend: Readline
#12 20.97 debconf: (Can't locate Term/ReadLine.pm in @INC (you may need to install the Term::ReadLine module) (@INC contains: /etc/perl /usr/local/lib/x86_64-linux-gnu/perl/5.36.0 /usr/local/share/perl/5.36.0 /usr/lib/x86_64-linux-gnu/perl5/5.36 /usr/share/perl5 /usr/lib/x86_64-linux-gnu/perl-base /usr/lib/x86_64-linux-gnu/perl/5.36 /usr/share/perl/5.36 /usr/local/lib/site_perl) at /usr/share/perl5/Debconf/FrontEnd/Readline.pm line 7.)
#12 20.97 debconf: falling back to frontend: Teletype
#12 21.03 Processing triggers for libc-bin (2.36-9+deb12u13) ...
#12 21.07 Processing triggers for ca-certificates (20230311+deb12u1) ...
#12 21.08 Updating certificates in /etc/ssl/certs...
#12 ...

#23 [peer-charlie builder 13/16] RUN sed -i '/path: ..\/SingleHandShakeProtocolDart/,+1d' pubspec.yaml
#23 DONE 0.8s

#23 [peer-alice builder 13/16] RUN sed -i '/path: ..\/SingleHandShakeProtocolDart/,+1d' pubspec.yaml
#23 DONE 0.8s

#24 [peer-alice builder 14/16] WORKDIR /build/packages/ermes_peer_node
#24 DONE 0.3s

#12 [peer-alice stage-1 2/6] RUN apt-get update && apt-get install -y ca-certificates iproute2 && rm -rf /var/lib/apt/lists/*
#12 21.66 0 added, 0 removed; done.
#12 21.66 Running hooks in /etc/ca-certificates/update.d...
#12 21.66 done.
#12 DONE 21.8s

#25 [peer-alice builder 15/16] RUN dart pub get
#25 ...

#12 [peer-charlie stage-1 2/6] RUN apt-get update && apt-get install -y ca-certificates iproute2 && rm -rf /var/lib/apt/lists/*
#12 DONE 21.8s

#25 [peer-alice builder 15/16] RUN dart pub get
#25 0.734 Resolving dependencies in `/build`...
#25 1.698 Downloading packages...
#25 11.62 + _fe_analyzer_shared 96.0.0 (99.0.0 available)
#25 11.62 + analyzer 10.2.0 (12.1.0 available)
#25 11.62 + ansi_styles 0.3.2+1
#25 11.62 + archive 4.0.9
#25 11.62 + args 2.7.0
#25 11.62 + async 2.13.1
#25 11.62 + barrel_files_annotation 0.3.0
#25 11.62 + basic_utils 5.8.2
#25 11.62 + boolean_selector 2.1.2
#25 11.62 + build 4.0.5
#25 11.62 + build_config 1.3.0
#25 11.62 + build_daemon 4.1.1
#25 11.62 + build_runner 2.13.1
#25 11.62 + built_collection 5.1.1
#25 11.62 + built_value 8.12.5
#25 11.62 + callback_handler 0.0.3
#25 11.62 + charcode 1.4.0
#25 11.62 + checked_yaml 2.0.4
#25 11.62 + cli_config 0.2.0
#25 11.62 + cli_launcher 0.3.3+1
#25 11.62 + cli_util 0.4.2
#25 11.62 + clock_dart 1.0.0
#25 11.62 + code_builder 4.11.1
#25 11.62 + collection 1.19.1
#25 11.62 + console 4.1.0
#25 11.62 + conventional_commit 0.6.1+1
#25 11.62 + convert 3.1.2
#25 11.62 + coverage 1.15.0
#25 11.62 + cryptdart 0.2.0
#25 11.62 + crypto 3.0.7
#25 11.62 + dart_style 3.1.7 (3.1.8 available)
#25 11.62 + eip1559 0.6.2
#25 11.62 + eip55 1.0.3
#25 11.62 + ffi 2.2.0
#25 11.62 + file 7.0.1
#25 11.62 + fixnum 1.1.1
#25 11.62 + frontend_server_client 4.0.0
#25 11.62 + glob 2.1.3
#25 11.62 + graphs 2.3.2
#25 11.62 + http 1.6.0
#25 11.62 + http_multi_server 3.2.2
#25 11.62 + http_parser 4.1.2
#25 11.62 + index_generator 4.1.2
#25 11.62 + io 1.0.5
#25 11.62 + json_annotation 4.11.0
#25 11.62 + json_rpc_2 4.1.0
#25 11.62 + json_serializable 6.13.1
#25 11.62 + lints 3.0.0 (6.1.0 available)
#25 11.62 + logging 1.3.0
#25 11.62 + matcher 0.12.19
#25 11.62 + melos 7.5.1
#25 11.62 + meta 1.18.2
#25 11.62 + mime 2.0.0
#25 11.62 + mustache_template 2.0.4
#25 11.62 + node_preamble 2.0.2
#25 11.62 + ntp 2.0.0
#25 11.62 + package_config 2.2.0
#25 11.62 + path 1.9.1
#25 11.62 + petitparser 7.0.2
#25 11.62 + platform 3.1.6
#25 11.62 + pointycastle 4.0.0
#25 11.62 + pool 1.5.2
#25 11.62 + posix 6.5.0
#25 11.62 + process 5.0.5
#25 11.62 + prompts 2.0.0
#25 11.62 + pub_semver 2.2.0
#25 11.62 + pub_updater 0.5.0
#25 11.62 + pubspec_parse 1.5.0
#25 11.62 + sec 1.1.1
#25 11.62 + shelf 1.4.2
#25 11.62 + shelf_packages_handler 3.0.2
#25 11.62 + shelf_static 1.1.3
#25 11.62 + shelf_web_socket 3.0.0
#25 11.62 ! shsp 1.7.1 (overridden)
#25 11.62 + signaling_contract_sdk 2.0.0
#25 11.62 + singleton_manager 0.6.1
#25 11.62 + singleton_manager_generator 1.4.0
#25 11.62 + source_gen 4.2.2
#25 11.62 + source_helper 1.3.11
#25 11.62 + source_map_stack_trace 2.1.2
#25 11.62 + source_maps 0.10.13
#25 11.62 + source_span 1.10.2
#25 11.62 + stack_trace 1.12.1
#25 11.62 + stream_channel 2.1.4
#25 11.62 + stream_transform 2.1.1
#25 11.62 + string_scanner 1.4.1
#25 11.62 + stun 1.5.0
#25 11.62 + stun_shsp 0.1.5
#25 11.62 + term_glyph 1.2.2
#25 11.62 + test 1.31.0
#25 11.62 + test_api 0.7.11
#25 11.62 + test_core 0.6.17
#25 11.62 + typed_data 1.4.0
#25 11.62 + uuid 4.5.3
#25 11.62 + vector_math 2.3.0
#25 11.62 + vm_service 15.0.2
#25 11.62 + wallet 0.0.18
#25 11.62 + watcher 1.2.1
#25 11.62 + web 1.1.1
#25 11.62 + web3dart 3.0.2
#25 11.62 + web_socket 1.0.1
#25 11.62 + web_socket_channel 3.0.3
#25 11.62 + webkit_inspection_protocol 1.2.1
#25 11.62 + work_db 1.2.0
#25 11.62 + xml 6.6.1
#25 11.62 + yaml 3.1.3
#25 11.62 + yaml_edit 2.2.4
#25 11.62 Changed 106 dependencies in `/build`!
#25 11.62 4 packages have newer versions incompatible with dependency constraints.
#25 11.62 Try `dart pub outdated` for more information.
#25 DONE 15.1s

#25 [peer-bob builder 15/16] RUN dart pub get
#25 DONE 15.1s

#26 [peer-alice builder 16/16] RUN dart compile exe bin/main.dart -o /build/peer_node
#26 12.26 Generated: /build/peer_node
#26 DONE 12.4s

#26 [peer-bob builder 16/16] RUN dart compile exe bin/main.dart -o /build/peer_node
#26 DONE 12.4s

#27 [peer-charlie stage-1 3/6] COPY --from=builder /build/peer_node /app/peer_node
#27 DONE 0.2s

#27 [peer-dave stage-1 3/6] COPY --from=builder /build/peer_node /app/peer_node
#27 DONE 0.2s

#28 [peer-alice stage-1 4/6] COPY scripts/entrypoint-peer.sh /app/entrypoint.sh
#28 DONE 0.1s

#29 [peer-dave stage-1 5/6] RUN chmod +x /app/entrypoint.sh
#29 DONE 0.3s

#29 [peer-dave stage-1 5/6] RUN chmod +x /app/entrypoint.sh
#29 DONE 0.3s

#30 [peer-charlie stage-1 6/6] WORKDIR /app
#30 DONE 0.2s

#30 [peer-dave stage-1 6/6] WORKDIR /app
#30 DONE 0.2s

#31 [peer-charlie] exporting to image
#31 exporting layers
#31 exporting layers 1.6s done
#31 exporting manifest sha256:00768e4040f239d8ddbec3f7f303b96633681c63b599340f9d750c7361676547
#31 exporting manifest sha256:00768e4040f239d8ddbec3f7f303b96633681c63b599340f9d750c7361676547 0.3s done
#31 exporting config sha256:b2ec123de8923aa76198667e19dd009e40835e08b821aab6da56a2575634d46f
#31 exporting config sha256:b2ec123de8923aa76198667e19dd009e40835e08b821aab6da56a2575634d46f 0.2s done
#31 exporting attestation manifest sha256:d625aefb19dcba7f53ff5724572bccbcdb52cf0c607187a8047e6a3361fd0bcf
#31 exporting attestation manifest sha256:d625aefb19dcba7f53ff5724572bccbcdb52cf0c607187a8047e6a3361fd0bcf 0.4s done
#31 exporting manifest list sha256:6301c927ce82432e3b8b6977f7ca1b361866aea735d29e84cf196d4c6c5a471d
#31 exporting manifest list sha256:6301c927ce82432e3b8b6977f7ca1b361866aea735d29e84cf196d4c6c5a471d 0.2s done
#31 naming to docker.io/library/ermesdart-peer-charlie:latest 0.0s done
#31 unpacking to docker.io/library/ermesdart-peer-charlie:latest
#31 ...

#32 [peer-alice] exporting to image
#32 exporting layers 1.6s done
#32 exporting manifest sha256:55211bede13f2fc731cf86e331ffaf61f24c71e522afd85f67ab086139b28d14 0.2s done
#32 exporting config sha256:c914e7980a2d25ebcb716e0a6e2a83d2225a17da233e54d2405f46358d759a4e 0.2s done
#32 exporting attestation manifest sha256:942f1d9ae88659e41336a6ea1f9777ae7cfd06a8214673a21f0909a74d1d3f7e 0.4s done
#32 exporting manifest list sha256:8bd83876d4add9eb39f92ccabc5c503c54ae6a3ccf839e617593335ab41e8365 0.2s done
#32 naming to docker.io/library/ermesdart-peer-alice:latest 0.0s done
#32 unpacking to docker.io/library/ermesdart-peer-alice:latest 0.7s done
#32 DONE 3.8s

#31 [peer-charlie] exporting to image
#31 unpacking to docker.io/library/ermesdart-peer-charlie:latest 0.8s done
#31 DONE 3.9s

#33 [peer-dave] exporting to image
#33 exporting layers 1.6s done
#33 exporting manifest sha256:4c264b19f40fb68478db21a9cab0c437024ecb0956352b54768c0c5ff09c1c33 0.3s done
#33 exporting config sha256:21c08c70306bed8b13cde8bba1d1e8665e78fc17b1825facd938710a32da4310 0.2s done
#33 exporting attestation manifest sha256:dcf3c17ccfac7c35ab3024bf58da1e99472b749329fb91e205a7c92661a2ce47 0.4s done
#33 exporting manifest list sha256:9b88348c7016e646564cb4844ae29f5336a1c0d54b0b94c1083109a29cc4fe22 0.2s done
#33 naming to docker.io/library/ermesdart-peer-dave:latest 0.0s done
#33 unpacking to docker.io/library/ermesdart-peer-dave:latest 0.8s done
#33 DONE 3.9s

#34 [peer-bob] exporting to image
#34 exporting layers 1.6s done
#34 exporting manifest sha256:269e043ae56a081bf65c494214bf3f2fff20fc529dda559a68ab639fc5c685bd 0.2s done
#34 exporting config sha256:05152cd3b94c16f814358bddfc0743c72d2247fa58d155b6247def0508612f79 0.2s done
#34 exporting attestation manifest sha256:f3e095eb6e67e3195b8a281a33b2944e6c0bb12f61152c2176994f6c97fdaf80 0.4s done
#34 exporting manifest list sha256:eed75ab8fbf919a75d90ad29a327a17f244b5fd484490cb0accdffc3bca14d2e 0.1s done
#34 naming to docker.io/library/ermesdart-peer-bob:latest 0.1s done
#34 unpacking to docker.io/library/ermesdart-peer-bob:latest 0.9s done
#34 DONE 3.9s

#35 [peer-alice] resolving provenance for metadata file
#35 ...

#36 [peer-dave] resolving provenance for metadata file
#36 DONE 0.2s

#35 [peer-alice] resolving provenance for metadata file
#35 DONE 0.3s

#37 [peer-charlie] resolving provenance for metadata file
#37 DONE 0.1s

#38 [peer-bob] resolving provenance for metadata file
#38 DONE 0.0s
 Image ermesdart-peer-alice Built 
 Image ermesdart-peer-bob Built 
 Image ermesdart-peer-charlie Built 
 Image ermesdart-peer-dave Built 
 Network ermes-nat-symmetric-zone-b Creating 
 Network ermes-nat-symmetric-zone-b Created 
 Network ermes-nat-symmetric-public-net Creating 
 Network ermes-nat-symmetric-public-net Created 
 Network ermes-nat-symmetric-zone-a Creating 
 Network ermes-nat-symmetric-zone-a Created 
 Container ermes-nat-symmetric-router Creating 
 Container ermes-nat-symmetric-ganache Creating 
 Container ermes-nat-symmetric-stun-server Creating 
 Container ermes-nat-symmetric-router Created 
 Container ermes-nat-symmetric-ganache Created 
 Container ermes-nat-symmetric-contract-deployer Creating 
 Container ermes-nat-symmetric-stun-server Created 
 Container ermes-nat-symmetric-peer-charlie Creating 
 Container ermes-nat-symmetric-peer-bob Creating 
 Container ermes-nat-symmetric-peer-dave Creating 
 Container ermes-nat-symmetric-peer-alice Creating 
 Container ermes-nat-symmetric-contract-deployer Created 
 Container ermes-nat-symmetric-peer-bob Created 
 Container ermes-nat-symmetric-peer-charlie Created 
 Container ermes-nat-symmetric-peer-alice Created 
 Container ermes-nat-symmetric-peer-dave Created 
Attaching to ermes-nat-symmetric-contract-deployer, ermes-nat-symmetric-ganache, ermes-nat-symmetric-peer-alice, ermes-nat-symmetric-peer-bob, ermes-nat-symmetric-peer-charlie, ermes-nat-symmetric-peer-dave, ermes-nat-symmetric-router, ermes-nat-symmetric-stun-server
 Container ermes-nat-symmetric-router Starting 
 Container ermes-nat-symmetric-stun-server Starting 
 Container ermes-nat-symmetric-ganache Starting 
 Container ermes-nat-symmetric-stun-server Started 
 Container ermes-nat-symmetric-ganache Started 
Error response from daemon: failed to set up container networking: Address already in use
