time="2026-04-11T01:42:41+02:00" level=warning msg="C:\\Users\\lgualandi\\Documents\\Development\\Parresia\\ErmesDart\\docker-compose-nat-addressrestricted.yml: the attribute `version` is obsolete, it will be ignored, please remove it to avoid potential confusion"
 Image alpine:3.19 Pulling 
 Image elguala96/signaling-contract-deployer:v1.0.2 Pulling 
 Image coturn/coturn:latest Pulling 
 Image trufflesuite/ganache:latest Pulling 
 4f4fb700ef54 Pulling fs layer 0B
 f18232174bc9 Pulling fs layer 0B
 dd71dde834b5 Pulling fs layer 0B
 1e5a4c89cee5 Pulling fs layer 0B
 c28013ce7862 Pulling fs layer 0B
 94dfa87d704c Pulling fs layer 0B
 d0143bbe2940 Pulling fs layer 0B
 45f596f5db79 Pulling fs layer 0B
 449ae9028303 Pulling fs layer 0B
 189594475858 Pulling fs layer 0B
 603911942889 Pulling fs layer 0B
 4f4fb700ef54 Pulling fs layer 0B
 25ff2da83641 Pulling fs layer 0B
 4f4fb700ef54 Downloading 32B
 4f4fb700ef54 Download complete 0B
 f18232174bc9 Downloading 1.049MB
 201a049c3a80 Pulling fs layer 0B
 02a23b10b0bd Pulling fs layer 0B
 f2b7aea2301e Pulling fs layer 0B
 b21337b36fa4 Pulling fs layer 0B
 dce0150271ad Pulling fs layer 0B
 5b5fe70539cd Pulling fs layer 0B
 b6b4ba8b66ef Pulling fs layer 0B
 a94a80c1968d Pulling fs layer 0B
 18d96a48dd18 Pulling fs layer 0B
 e64b1a602d1c Pulling fs layer 0B
 5f692c7d3e30 Pulling fs layer 0B
 80c0304abda6 Pulling fs layer 0B
 f18232174bc9 Downloading 2.097MB
 f18232174bc9 Downloading 3.146MB
 f18232174bc9 Downloading 3.642MB
 94dfa87d704c Download complete 0B
 f18232174bc9 Download complete 0B
 f18232174bc9 Extracting 1B
 cf81ff228f5a Download complete 0B
 25ff2da83641 Download complete 0B
 f18232174bc9 Extracting 1B
 17a39c0ba978 Pulling fs layer 0B
 449ae9028303 Download complete 0B
 f18232174bc9 Extracting 1B
 c28013ce7862 Downloading 151.6kB
 f18232174bc9 Pull complete 0B
 189594475858 Download complete 0B
 dd71dde834b5 Downloading 1.049MB
 45f596f5db79 Download complete 0B
 c28013ce7862 Downloading 1.049MB
 c28013ce7862 Downloading 1.049MB
 5cbbf2b71ab6 Downloading 1.263kB
 dd71dde834b5 Downloading 1.049MB
 5cbbf2b71ab6 Download complete 0B
 dd71dde834b5 Downloading 1.049MB
 c28013ce7862 Downloading 2.097MB
 dd71dde834b5 Downloading 2.097MB
 c28013ce7862 Downloading 2.097MB
 fd18d7b2aa35 Download complete 0B
 dd71dde834b5 Downloading 2.097MB
 c28013ce7862 Downloading 2.097MB
 c28013ce7862 Downloading 3.146MB
 dd71dde834b5 Downloading 2.097MB
 c28013ce7862 Downloading 3.146MB
 dd71dde834b5 Downloading 2.097MB
 b6b4ba8b66ef Download complete 0B
 dd71dde834b5 Downloading 2.097MB
 1e5a4c89cee5 Downloading 1.049MB
 c28013ce7862 Downloading 3.146MB
 f2b7aea2301e Downloading 1.049MB
 dd71dde834b5 Downloading 2.097MB
 1e5a4c89cee5 Download complete 0B
 c28013ce7862 Downloading 3.146MB
 e64b1a602d1c Download complete 0B
 f2b7aea2301e Downloading 1.049MB
 c28013ce7862 Downloading 4.194MB
 dd71dde834b5 Downloading 2.097MB
 5f692c7d3e30 Download complete 0B
 f2b7aea2301e Downloading 1.049MB
 dd71dde834b5 Downloading 2.097MB
 c28013ce7862 Downloading 4.194MB
 02a23b10b0bd Download complete 0B
 f2b7aea2301e Downloading 1.049MB
 dd71dde834b5 Downloading 3.146MB
 c28013ce7862 Downloading 4.194MB
 f2b7aea2301e Downloading 1.049MB
 c28013ce7862 Downloading 4.194MB
 dd71dde834b5 Downloading 3.146MB
 ef1614f30685 Download complete 0B
 f2b7aea2301e Downloading 1.049MB
 c28013ce7862 Downloading 4.194MB
 dd71dde834b5 Downloading 3.146MB
 f2b7aea2301e Downloading 1.049MB
 dd71dde834b5 Downloading 3.146MB
 c28013ce7862 Downloading 5.243MB
 d0143bbe2940 Downloading 1.049MB
 f2b7aea2301e Downloading 1.049MB
 c28013ce7862 Downloading 5.243MB
 d0143bbe2940 Downloading 1.049MB
 dd71dde834b5 Downloading 3.146MB
 f2b7aea2301e Downloading 1.049MB
 dd71dde834b5 Downloading 3.146MB
 c28013ce7862 Downloading 5.243MB
 d0143bbe2940 Downloading 1.049MB
 f2b7aea2301e Downloading 1.049MB
 dd71dde834b5 Downloading 3.146MB
 c28013ce7862 Downloading 5.243MB
 d0143bbe2940 Downloading 1.049MB
 f2b7aea2301e Downloading 1.049MB
 b21337b36fa4 Downloading 1.049MB
 dd71dde834b5 Downloading 4.194MB
 c28013ce7862 Downloading 5.243MB
 d0143bbe2940 Downloading 1.049MB
 b21337b36fa4 Downloading 1.049MB
 f2b7aea2301e Downloading 1.049MB
 d0143bbe2940 Downloading 1.049MB
 dd71dde834b5 Downloading 4.194MB
 c28013ce7862 Downloading 5.243MB
 dce0150271ad Downloading 1.049MB
 18d96a48dd18 Downloading 1.049MB
 f2b7aea2301e Downloading 1.049MB
 b21337b36fa4 Downloading 1.049MB
 c28013ce7862 Downloading 6.291MB
 d0143bbe2940 Downloading 1.049MB
 dd71dde834b5 Downloading 4.194MB
 dce0150271ad Downloading 1.049MB
 18d96a48dd18 Downloading 1.049MB
 b21337b36fa4 Downloading 1.049MB
 f2b7aea2301e Downloading 1.049MB
 dd71dde834b5 Downloading 4.194MB
 c28013ce7862 Downloading 6.291MB
 d0143bbe2940 Downloading 1.049MB
 18d96a48dd18 Downloading 1.049MB
 dce0150271ad Downloading 1.049MB
 f2b7aea2301e Downloading 1.049MB
 b21337b36fa4 Downloading 1.049MB
 c28013ce7862 Downloading 6.291MB
 d0143bbe2940 Downloading 1.049MB
 dd71dde834b5 Downloading 4.194MB
 dce0150271ad Downloading 1.049MB
 5b5fe70539cd Downloading 1.049MB
 18d96a48dd18 Downloading 1.049MB
 f2b7aea2301e Downloading 1.049MB
 b21337b36fa4 Downloading 1.049MB
 c28013ce7862 Downloading 6.291MB
 d0143bbe2940 Downloading 1.049MB
 dd71dde834b5 Downloading 4.194MB
 dce0150271ad Downloading 1.049MB
 5b5fe70539cd Downloading 1.049MB
 18d96a48dd18 Downloading 1.049MB
 b21337b36fa4 Downloading 2.097MB
 f2b7aea2301e Downloading 1.049MB
 dd71dde834b5 Downloading 4.194MB
 c28013ce7862 Downloading 6.291MB
 d0143bbe2940 Downloading 1.049MB
 80c0304abda6 Downloading 1.049MB
 dce0150271ad Downloading 1.049MB
 5b5fe70539cd Downloading 1.049MB
 18d96a48dd18 Downloading 1.049MB
 f2b7aea2301e Downloading 1.049MB
 b21337b36fa4 Downloading 2.097MB
 dd71dde834b5 Downloading 5.243MB
 c28013ce7862 Downloading 6.291MB
 d0143bbe2940 Downloading 1.049MB
 80c0304abda6 Downloading 1.049MB
 dce0150271ad Downloading 1.049MB
 5b5fe70539cd Downloading 1.049MB
 18d96a48dd18 Downloading 1.049MB
 b21337b36fa4 Downloading 2.097MB
 f2b7aea2301e Downloading 1.049MB
 dd71dde834b5 Downloading 5.243MB
 c28013ce7862 Downloading 6.291MB
 d0143bbe2940 Downloading 1.049MB
 80c0304abda6 Downloading 1.049MB
 dce0150271ad Downloading 1.049MB
 5b5fe70539cd Downloading 1.049MB
 18d96a48dd18 Downloading 2.097MB
 f2b7aea2301e Downloading 1.049MB
 b21337b36fa4 Downloading 2.097MB
 c28013ce7862 Downloading 6.291MB
 d0143bbe2940 Downloading 1.049MB
 dd71dde834b5 Downloading 5.243MB
 80c0304abda6 Downloading 1.049MB
 dce0150271ad Downloading 1.049MB
 5b5fe70539cd Downloading 1.049MB
 18d96a48dd18 Downloading 2.097MB
 f2b7aea2301e Downloading 1.049MB
 b21337b36fa4 Downloading 2.097MB
 d0143bbe2940 Downloading 1.049MB
 dd71dde834b5 Downloading 5.243MB
 c28013ce7862 Downloading 6.291MB
 80c0304abda6 Downloading 1.049MB
 dce0150271ad Downloading 1.049MB
 5b5fe70539cd Downloading 1.049MB
 18d96a48dd18 Downloading 2.097MB
 b21337b36fa4 Downloading 3.146MB
 f2b7aea2301e Downloading 1.049MB
 c28013ce7862 Downloading 7.34MB
 d0143bbe2940 Downloading 1.049MB
 dd71dde834b5 Downloading 5.243MB
 80c0304abda6 Downloading 1.049MB
 dce0150271ad Downloading 1.049MB
 5b5fe70539cd Downloading 1.049MB
 18d96a48dd18 Downloading 2.097MB
 f2b7aea2301e Downloading 1.049MB
 b21337b36fa4 Downloading 3.146MB
 d0143bbe2940 Downloading 1.049MB
 dd71dde834b5 Downloading 5.243MB
 c28013ce7862 Downloading 7.34MB
 80c0304abda6 Downloading 1.049MB
 dce0150271ad Downloading 1.049MB
 5b5fe70539cd Downloading 1.049MB
 18d96a48dd18 Downloading 2.097MB
 b21337b36fa4 Downloading 3.146MB
 f2b7aea2301e Downloading 2.097MB
 dd71dde834b5 Downloading 5.243MB
 603911942889 Downloading 1.049MB
 c28013ce7862 Downloading 7.34MB
 d0143bbe2940 Downloading 1.049MB
 80c0304abda6 Downloading 1.049MB
 dce0150271ad Downloading 1.049MB
 5b5fe70539cd Downloading 1.049MB
 18d96a48dd18 Download complete 0B
 f2b7aea2301e Downloading 2.097MB
 b21337b36fa4 Downloading 3.146MB
 d0143bbe2940 Downloading 1.049MB
 dd71dde834b5 Downloading 5.243MB
 603911942889 Downloading 1.049MB
 c28013ce7862 Downloading 7.34MB
 80c0304abda6 Downloading 2.097MB
 dce0150271ad Downloading 1.049MB
 5b5fe70539cd Downloading 1.049MB
 b21337b36fa4 Downloading 3.146MB
 f2b7aea2301e Downloading 2.097MB
 c28013ce7862 Downloading 7.34MB
 d0143bbe2940 Downloading 2.097MB
 dd71dde834b5 Downloading 5.243MB
 603911942889 Downloading 1.049MB
 5b5fe70539cd Downloading 1.049MB
 a94a80c1968d Downloading 1.049MB
 80c0304abda6 Downloading 2.097MB
 dce0150271ad Downloading 1.049MB
 b21337b36fa4 Downloading 4.194MB
 f2b7aea2301e Downloading 2.097MB
 201a049c3a80 Downloading 1.049MB
 dd71dde834b5 Downloading 6.291MB
 603911942889 Downloading 1.049MB
 c28013ce7862 Downloading 7.34MB
 d0143bbe2940 Downloading 2.097MB
 17a39c0ba978 Downloading 1.049MB
 dce0150271ad Downloading 1.049MB
 5b5fe70539cd Downloading 1.049MB
 a94a80c1968d Downloading 1.049MB
 80c0304abda6 Downloading 2.097MB
 f2b7aea2301e Downloading 2.097MB
 201a049c3a80 Downloading 1.049MB
 b21337b36fa4 Downloading 4.194MB
 dd71dde834b5 Downloading 6.291MB
 603911942889 Downloading 1.049MB
 c28013ce7862 Downloading 7.34MB
 d0143bbe2940 Downloading 2.097MB
 17a39c0ba978 Downloading 1.049MB
 80c0304abda6 Downloading 2.097MB
 dce0150271ad Downloading 1.049MB
 5b5fe70539cd Downloading 1.049MB
 a94a80c1968d Downloading 1.049MB
 201a049c3a80 Downloading 1.049MB
 b21337b36fa4 Downloading 4.194MB
 f2b7aea2301e Downloading 2.097MB
 dd71dde834b5 Downloading 6.291MB
 603911942889 Downloading 1.049MB
 c28013ce7862 Downloading 7.34MB
 d0143bbe2940 Downloading 2.097MB
 17a39c0ba978 Downloading 1.049MB
 80c0304abda6 Downloading 2.097MB
 dce0150271ad Downloading 1.049MB
 5b5fe70539cd Downloading 1.049MB
 a94a80c1968d Downloading 1.049MB
 f2b7aea2301e Downloading 2.097MB
 201a049c3a80 Downloading 1.049MB
 b21337b36fa4 Downloading 4.194MB
 d0143bbe2940 Downloading 2.097MB
 dd71dde834b5 Downloading 6.291MB
 603911942889 Downloading 1.049MB
 c28013ce7862 Downloading 7.34MB
 17a39c0ba978 Downloading 1.049MB
 dce0150271ad Downloading 1.049MB
 5b5fe70539cd Downloading 1.049MB
 a94a80c1968d Downloading 1.049MB
 80c0304abda6 Downloading 2.097MB
 f2b7aea2301e Downloading 2.097MB
 201a049c3a80 Downloading 1.049MB
 b21337b36fa4 Downloading 4.194MB
 dd71dde834b5 Downloading 6.291MB
 603911942889 Downloading 1.049MB
 c28013ce7862 Downloading 8.389MB
 d0143bbe2940 Downloading 2.097MB
 17a39c0ba978 Downloading 1.049MB
 dce0150271ad Downloading 1.049MB
 5b5fe70539cd Downloading 1.049MB
 a94a80c1968d Downloading 1.049MB
 80c0304abda6 Downloading 3.146MB
 f2b7aea2301e Downloading 2.097MB
 201a049c3a80 Downloading 1.049MB
 b21337b36fa4 Downloading 5.243MB
 dd71dde834b5 Downloading 6.291MB
 603911942889 Downloading 1.049MB
 c28013ce7862 Downloading 8.389MB
 d0143bbe2940 Downloading 2.097MB
 17a39c0ba978 Downloading 1.049MB
 dce0150271ad Downloading 1.049MB
 5b5fe70539cd Downloading 1.049MB
 a94a80c1968d Downloading 1.049MB
 80c0304abda6 Downloading 3.146MB
 f2b7aea2301e Downloading 2.097MB
 201a049c3a80 Downloading 1.049MB
 b21337b36fa4 Downloading 5.243MB
 c28013ce7862 Downloading 8.389MB
 d0143bbe2940 Downloading 2.097MB
 dd71dde834b5 Downloading 6.291MB
 603911942889 Downloading 1.049MB
 17a39c0ba978 Downloading 1.049MB
 80c0304abda6 Downloading 3.146MB
 dce0150271ad Downloading 2.097MB
 5b5fe70539cd Downloading 1.049MB
 a94a80c1968d Downloading 1.049MB
 f2b7aea2301e Downloading 2.097MB
 201a049c3a80 Downloading 1.049MB
 b21337b36fa4 Downloading 5.243MB
 d0143bbe2940 Downloading 2.097MB
 dd71dde834b5 Downloading 6.291MB
 603911942889 Downloading 1.049MB
 c28013ce7862 Downloading 8.389MB
 17a39c0ba978 Downloading 1.049MB
 80c0304abda6 Downloading 3.146MB
 dce0150271ad Downloading 2.097MB
 5b5fe70539cd Downloading 1.049MB
 a94a80c1968d Downloading 1.049MB
 f2b7aea2301e Downloading 2.097MB
 201a049c3a80 Downloading 1.049MB
 b21337b36fa4 Downloading 5.243MB
 dd71dde834b5 Downloading 7.34MB
 603911942889 Downloading 1.049MB
 c28013ce7862 Downloading 8.389MB
 d0143bbe2940 Downloading 2.097MB
 17a39c0ba978 Downloading 1.049MB
 80c0304abda6 Downloading 3.146MB
 dce0150271ad Downloading 2.097MB
 5b5fe70539cd Downloading 1.049MB
 a94a80c1968d Downloading 1.049MB
 201a049c3a80 Downloading 1.049MB
 b21337b36fa4 Downloading 5.243MB
 f2b7aea2301e Downloading 2.097MB
 c28013ce7862 Downloading 8.389MB
 d0143bbe2940 Downloading 2.097MB
 dd71dde834b5 Downloading 7.34MB
 603911942889 Downloading 1.049MB
 17a39c0ba978 Downloading 1.049MB
 80c0304abda6 Downloading 3.146MB
 dce0150271ad Downloading 2.097MB
 5b5fe70539cd Downloading 1.049MB
 a94a80c1968d Downloading 1.049MB
 f2b7aea2301e Downloading 2.097MB
 201a049c3a80 Downloading 1.049MB
 b21337b36fa4 Downloading 6.291MB
 dd71dde834b5 Downloading 7.34MB
 603911942889 Downloading 1.049MB
 c28013ce7862 Downloading 8.389MB
 d0143bbe2940 Downloading 2.097MB
 17a39c0ba978 Downloading 1.049MB
 dce0150271ad Downloading 2.097MB
 5b5fe70539cd Downloading 1.049MB
 a94a80c1968d Downloading 1.049MB
 80c0304abda6 Downloading 4.194MB
 f2b7aea2301e Downloading 2.097MB
 201a049c3a80 Downloading 1.049MB
 b21337b36fa4 Downloading 6.291MB
 dd71dde834b5 Downloading 7.34MB
 603911942889 Downloading 1.049MB
 c28013ce7862 Downloading 8.389MB
 d0143bbe2940 Downloading 2.097MB
 17a39c0ba978 Downloading 1.049MB
 dce0150271ad Downloading 2.097MB
 5b5fe70539cd Downloading 1.049MB
 a94a80c1968d Downloading 1.049MB
 80c0304abda6 Downloading 4.194MB
 f2b7aea2301e Downloading 2.097MB
 201a049c3a80 Downloading 1.049MB
 b21337b36fa4 Downloading 6.291MB
 603911942889 Downloading 1.049MB
 c28013ce7862 Downloading 8.389MB
 d0143bbe2940 Downloading 2.097MB
 dd71dde834b5 Downloading 7.34MB
 17a39c0ba978 Downloading 1.049MB
 dce0150271ad Downloading 2.097MB
 5b5fe70539cd Downloading 1.049MB
 a94a80c1968d Downloading 1.049MB
 80c0304abda6 Downloading 4.194MB
 b21337b36fa4 Downloading 6.291MB
 f2b7aea2301e Downloading 2.097MB
 201a049c3a80 Downloading 1.049MB
 603911942889 Downloading 1.049MB
 c28013ce7862 Downloading 8.389MB
 d0143bbe2940 Downloading 2.097MB
 dd71dde834b5 Downloading 7.34MB
 17a39c0ba978 Downloading 1.049MB
 dce0150271ad Downloading 2.097MB
 5b5fe70539cd Downloading 1.049MB
 a94a80c1968d Downloading 1.049MB
 80c0304abda6 Downloading 4.194MB
 b21337b36fa4 Downloading 6.291MB
 f2b7aea2301e Downloading 2.097MB
 201a049c3a80 Downloading 1.049MB
 dd71dde834b5 Downloading 7.34MB
 603911942889 Downloading 1.049MB
 c28013ce7862 Downloading 8.389MB
 d0143bbe2940 Downloading 2.097MB
 17a39c0ba978 Downloading 1.049MB
 80c0304abda6 Downloading 4.194MB
 dce0150271ad Downloading 2.097MB
 5b5fe70539cd Downloading 1.049MB
 a94a80c1968d Downloading 1.049MB
 f2b7aea2301e Downloading 2.097MB
 201a049c3a80 Download complete 0B
 b21337b36fa4 Downloading 7.34MB
 c28013ce7862 Downloading 8.389MB
 d0143bbe2940 Downloading 3.146MB
 dd71dde834b5 Downloading 7.34MB
 603911942889 Downloading 1.049MB
 17a39c0ba978 Downloading 1.049MB
 80c0304abda6 Downloading 4.194MB
 dce0150271ad Downloading 2.097MB
 5b5fe70539cd Downloading 2.097MB
 a94a80c1968d Downloading 2.097MB
 b21337b36fa4 Downloading 7.34MB
 f2b7aea2301e Downloading 2.097MB
 c28013ce7862 Downloading 8.389MB
 d0143bbe2940 Downloading 3.146MB
 dd71dde834b5 Downloading 7.34MB
 603911942889 Downloading 1.049MB
 17a39c0ba978 Downloading 1.049MB
 dce0150271ad Downloading 2.097MB
 5b5fe70539cd Downloading 2.097MB
 a94a80c1968d Downloading 2.097MB
 80c0304abda6 Downloading 5.243MB
 f2b7aea2301e Downloading 2.097MB
 b21337b36fa4 Downloading 8.389MB
 17a39c0ba978 Downloading 1.049MB
 dd71dde834b5 Downloading 7.34MB
 603911942889 Downloading 1.049MB
 c28013ce7862 Downloading 8.389MB
 80c0304abda6 Downloading 5.243MB
 dce0150271ad Downloading 2.097MB
 d0143bbe2940 Downloading 3.146MB
 5b5fe70539cd Downloading 2.097MB
 a94a80c1968d Downloading 2.097MB
 f2b7aea2301e Downloading 2.097MB
 b21337b36fa4 Downloading 8.389MB
 c28013ce7862 Downloading 8.389MB
 d0143bbe2940 Downloading 3.146MB
 dd71dde834b5 Downloading 7.34MB
 603911942889 Downloading 1.049MB
 17a39c0ba978 Downloading 1.049MB
 a94a80c1968d Downloading 2.097MB
 80c0304abda6 Downloading 5.243MB
 dce0150271ad Downloading 2.097MB
 5b5fe70539cd Downloading 2.097MB
 b21337b36fa4 Downloading 8.389MB
 f2b7aea2301e Downloading 2.097MB
 17a39c0ba978 Downloading 1.049MB
 603911942889 Downloading 2.097MB
 c28013ce7862 Downloading 9.437MB
 d0143bbe2940 Downloading 3.146MB
 dd71dde834b5 Downloading 7.34MB
 80c0304abda6 Downloading 5.243MB
 dce0150271ad Downloading 2.097MB
 5b5fe70539cd Downloading 2.097MB
 a94a80c1968d Downloading 2.097MB
 f2b7aea2301e Downloading 2.097MB
 b21337b36fa4 Downloading 8.389MB
 dd71dde834b5 Downloading 7.34MB
 603911942889 Downloading 2.097MB
 c28013ce7862 Downloading 9.437MB
 d0143bbe2940 Downloading 3.146MB
 17a39c0ba978 Downloading 1.049MB
 80c0304abda6 Downloading 5.243MB
 dce0150271ad Downloading 2.097MB
 5b5fe70539cd Downloading 2.097MB
 a94a80c1968d Downloading 2.097MB
 f2b7aea2301e Downloading 2.097MB
 b21337b36fa4 Downloading 9.437MB
 dd71dde834b5 Downloading 7.34MB
 603911942889 Downloading 2.097MB
 c28013ce7862 Downloading 9.437MB
 d0143bbe2940 Downloading 3.146MB
 17a39c0ba978 Downloading 1.049MB
 dce0150271ad Downloading 2.097MB
 5b5fe70539cd Downloading 2.097MB
 a94a80c1968d Downloading 2.097MB
 80c0304abda6 Downloading 6.291MB
 f2b7aea2301e Downloading 2.097MB
 b21337b36fa4 Downloading 9.437MB
 603911942889 Downloading 2.097MB
 c28013ce7862 Downloading 9.437MB
 d0143bbe2940 Downloading 3.146MB
 dd71dde834b5 Downloading 8.389MB
 17a39c0ba978 Downloading 1.049MB
 80c0304abda6 Downloading 6.291MB
 dce0150271ad Downloading 2.097MB
 5b5fe70539cd Downloading 2.097MB
 a94a80c1968d Downloading 2.097MB
 f2b7aea2301e Downloading 3.146MB
 b21337b36fa4 Downloading 9.437MB
 d0143bbe2940 Downloading 3.146MB
 dd71dde834b5 Downloading 8.389MB
 603911942889 Downloading 2.097MB
 c28013ce7862 Downloading 9.437MB
 17a39c0ba978 Downloading 1.049MB
 80c0304abda6 Downloading 6.291MB
 dce0150271ad Downloading 2.097MB
 5b5fe70539cd Downloading 2.097MB
 a94a80c1968d Downloading 2.097MB
 f2b7aea2301e Downloading 3.146MB
 b21337b36fa4 Downloading 10.49MB
 dd71dde834b5 Downloading 8.389MB
 603911942889 Downloading 2.097MB
 c28013ce7862 Downloading 9.437MB
 d0143bbe2940 Downloading 3.146MB
 17a39c0ba978 Downloading 1.049MB
 a94a80c1968d Downloading 2.097MB
 80c0304abda6 Downloading 6.291MB
 dce0150271ad Downloading 2.097MB
 5b5fe70539cd Downloading 2.097MB
 b21337b36fa4 Downloading 10.49MB
 f2b7aea2301e Downloading 3.146MB
 603911942889 Downloading 2.097MB
 c28013ce7862 Downloading 9.437MB
 d0143bbe2940 Downloading 3.146MB
 dd71dde834b5 Downloading 8.389MB
 17a39c0ba978 Downloading 1.049MB
 80c0304abda6 Downloading 7.34MB
 dce0150271ad Downloading 2.097MB
 5b5fe70539cd Downloading 2.097MB
 a94a80c1968d Downloading 3.146MB
 f2b7aea2301e Downloading 3.146MB
 b21337b36fa4 Downloading 10.49MB
 dd71dde834b5 Downloading 8.389MB
 603911942889 Downloading 2.097MB
 c28013ce7862 Downloading 9.437MB
 d0143bbe2940 Downloading 3.146MB
 17a39c0ba978 Downloading 1.049MB
 80c0304abda6 Downloading 7.34MB
 dce0150271ad Downloading 2.097MB
 5b5fe70539cd Downloading 2.097MB
 a94a80c1968d Downloading 3.146MB
 f2b7aea2301e Downloading 3.146MB
 b21337b36fa4 Downloading 10.49MB
 dd71dde834b5 Downloading 8.389MB
 603911942889 Downloading 2.097MB
 c28013ce7862 Downloading 9.437MB
 d0143bbe2940 Downloading 3.146MB
 17a39c0ba978 Downloading 1.049MB
 5b5fe70539cd Downloading 2.097MB
 a94a80c1968d Downloading 3.146MB
 80c0304abda6 Downloading 7.34MB
 dce0150271ad Downloading 2.097MB
 f2b7aea2301e Downloading 3.146MB
 b21337b36fa4 Downloading 11.53MB
 dd71dde834b5 Downloading 8.389MB
 603911942889 Downloading 2.097MB
 c28013ce7862 Downloading 9.437MB
 d0143bbe2940 Downloading 3.146MB
 5b5fe70539cd Downloading 2.097MB
 17a39c0ba978 Downloading 2.097MB
 a94a80c1968d Downloading 3.146MB
 80c0304abda6 Downloading 7.34MB
 dce0150271ad Downloading 2.097MB
 f2b7aea2301e Downloading 3.146MB
 b21337b36fa4 Downloading 11.53MB
 c28013ce7862 Downloading 9.437MB
 d0143bbe2940 Downloading 3.146MB
 dd71dde834b5 Downloading 8.389MB
 603911942889 Downloading 2.097MB
 17a39c0ba978 Downloading 2.097MB
 80c0304abda6 Downloading 7.34MB
 dce0150271ad Downloading 2.097MB
 5b5fe70539cd Downloading 2.097MB
 a94a80c1968d Downloading 3.146MB
 f2b7aea2301e Downloading 3.146MB
 b21337b36fa4 Downloading 11.53MB
 c28013ce7862 Downloading 9.437MB
 d0143bbe2940 Downloading 3.146MB
 dd71dde834b5 Downloading 8.389MB
 603911942889 Downloading 2.097MB
 17a39c0ba978 Downloading 2.097MB
 dce0150271ad Downloading 2.097MB
 5b5fe70539cd Downloading 2.097MB
 a94a80c1968d Downloading 3.146MB
 80c0304abda6 Downloading 7.34MB
 b21337b36fa4 Downloading 11.53MB
 f2b7aea2301e Downloading 3.146MB
 dd71dde834b5 Downloading 8.389MB
 603911942889 Downloading 2.097MB
 c28013ce7862 Downloading 9.437MB
 d0143bbe2940 Downloading 3.146MB
 17a39c0ba978 Downloading 2.097MB
 80c0304abda6 Downloading 8.389MB
 dce0150271ad Downloading 3.146MB
 5b5fe70539cd Downloading 2.097MB
 a94a80c1968d Downloading 3.146MB
 f2b7aea2301e Downloading 3.146MB
 b21337b36fa4 Downloading 12.58MB
 dd71dde834b5 Downloading 8.389MB
 603911942889 Downloading 2.097MB
 c28013ce7862 Downloading 9.437MB
 d0143bbe2940 Downloading 3.146MB
 17a39c0ba978 Downloading 2.097MB
 dce0150271ad Downloading 3.146MB
 5b5fe70539cd Downloading 2.097MB
 a94a80c1968d Downloading 3.146MB
 80c0304abda6 Downloading 8.389MB
 f2b7aea2301e Downloading 3.146MB
 b21337b36fa4 Downloading 12.58MB
 603911942889 Downloading 2.097MB
 c28013ce7862 Downloading 9.437MB
 d0143bbe2940 Downloading 3.146MB
 dd71dde834b5 Downloading 8.389MB
 17a39c0ba978 Downloading 2.097MB
 80c0304abda6 Downloading 8.389MB
 dce0150271ad Downloading 3.146MB
 5b5fe70539cd Downloading 2.097MB
 a94a80c1968d Downloading 4.194MB
 f2b7aea2301e Downloading 3.146MB
 b21337b36fa4 Downloading 12.58MB
 603911942889 Downloading 2.097MB
 c28013ce7862 Downloading 9.437MB
 d0143bbe2940 Downloading 3.146MB
 dd71dde834b5 Downloading 8.389MB
 17a39c0ba978 Downloading 2.097MB
 80c0304abda6 Downloading 8.389MB
 dce0150271ad Downloading 3.146MB
 5b5fe70539cd Downloading 2.097MB
 a94a80c1968d Downloading 4.194MB
 b21337b36fa4 Downloading 13.63MB
 f2b7aea2301e Downloading 3.146MB
 603911942889 Downloading 2.097MB
 c28013ce7862 Downloading 9.437MB
 d0143bbe2940 Downloading 4.194MB
 dd71dde834b5 Downloading 8.389MB
 17a39c0ba978 Downloading 2.097MB
 80c0304abda6 Downloading 9.437MB
 dce0150271ad Downloading 3.146MB
 5b5fe70539cd Downloading 2.097MB
 a94a80c1968d Downloading 4.194MB
 f2b7aea2301e Downloading 3.146MB
 b21337b36fa4 Downloading 13.63MB
 c28013ce7862 Downloading 9.437MB
 d0143bbe2940 Downloading 4.194MB
 dd71dde834b5 Downloading 8.389MB
 603911942889 Downloading 2.097MB
 17a39c0ba978 Downloading 2.097MB
 80c0304abda6 Downloading 9.437MB
 dce0150271ad Downloading 3.146MB
 5b5fe70539cd Downloading 2.097MB
 a94a80c1968d Downloading 4.194MB
 f2b7aea2301e Downloading 3.146MB
 b21337b36fa4 Downloading 14.68MB
 dd71dde834b5 Downloading 8.389MB
 603911942889 Downloading 2.097MB
 c28013ce7862 Downloading 9.437MB
 d0143bbe2940 Downloading 4.194MB
 17a39c0ba978 Downloading 2.097MB
 80c0304abda6 Downloading 9.437MB
 dce0150271ad Downloading 3.146MB
 5b5fe70539cd Downloading 2.097MB
 a94a80c1968d Downloading 4.194MB
 b21337b36fa4 Downloading 14.68MB
 f2b7aea2301e Downloading 3.146MB
 c28013ce7862 Downloading 9.437MB
 d0143bbe2940 Downloading 4.194MB
 dd71dde834b5 Downloading 8.389MB
 603911942889 Downloading 2.097MB
 17a39c0ba978 Downloading 2.097MB
 80c0304abda6 Downloading 10.49MB
 dce0150271ad Downloading 3.146MB
 5b5fe70539cd Downloading 2.097MB
 a94a80c1968d Downloading 4.194MB
 b21337b36fa4 Downloading 14.68MB
 f2b7aea2301e Downloading 3.146MB
 dd71dde834b5 Downloading 8.389MB
 603911942889 Downloading 2.097MB
 c28013ce7862 Downloading 9.437MB
 d0143bbe2940 Downloading 4.194MB
 17a39c0ba978 Downloading 2.097MB
 80c0304abda6 Downloading 10.49MB
 dce0150271ad Downloading 3.146MB
 5b5fe70539cd Downloading 2.097MB
 a94a80c1968d Downloading 4.194MB
 b21337b36fa4 Downloading 14.68MB
 f2b7aea2301e Downloading 3.146MB
 c28013ce7862 Downloading 9.437MB
 d0143bbe2940 Downloading 4.194MB
 dd71dde834b5 Downloading 8.389MB
 603911942889 Downloading 2.097MB
 17a39c0ba978 Downloading 2.097MB
 dce0150271ad Downloading 3.146MB
 5b5fe70539cd Downloading 2.097MB
 a94a80c1968d Downloading 4.194MB
 80c0304abda6 Downloading 10.49MB
 b21337b36fa4 Downloading 15.73MB
 f2b7aea2301e Downloading 3.146MB
 dd71dde834b5 Downloading 8.389MB
 603911942889 Downloading 2.097MB
 c28013ce7862 Downloading 9.437MB
 d0143bbe2940 Downloading 4.194MB
 17a39c0ba978 Downloading 2.097MB
 dce0150271ad Downloading 3.146MB
 5b5fe70539cd Downloading 2.097MB
 a94a80c1968d Downloading 5.243MB
 80c0304abda6 Downloading 10.49MB
 b21337b36fa4 Downloading 15.73MB
 f2b7aea2301e Downloading 3.146MB
 dd71dde834b5 Downloading 8.389MB
 603911942889 Downloading 2.097MB
 c28013ce7862 Downloading 9.437MB
 d0143bbe2940 Downloading 4.194MB
 17a39c0ba978 Downloading 2.097MB
 80c0304abda6 Downloading 10.49MB
 dce0150271ad Downloading 3.146MB
 5b5fe70539cd Downloading 2.097MB
 a94a80c1968d Downloading 5.243MB
 b21337b36fa4 Downloading 15.73MB
 f2b7aea2301e Downloading 3.146MB
 c28013ce7862 Downloading 9.437MB
 d0143bbe2940 Downloading 4.194MB
 dd71dde834b5 Downloading 8.389MB
 603911942889 Downloading 2.097MB
 17a39c0ba978 Downloading 2.097MB
 80c0304abda6 Downloading 11.53MB
 dce0150271ad Downloading 3.146MB
 5b5fe70539cd Downloading 2.097MB
 a94a80c1968d Downloading 5.243MB
 f2b7aea2301e Downloading 3.146MB
 b21337b36fa4 Downloading 15.73MB
 dd71dde834b5 Downloading 8.389MB
 603911942889 Downloading 2.097MB
 c28013ce7862 Downloading 9.437MB
 d0143bbe2940 Downloading 4.194MB
 5b5fe70539cd Downloading 2.097MB
 a94a80c1968d Downloading 5.243MB
 17a39c0ba978 Downloading 2.097MB
 80c0304abda6 Downloading 11.53MB
 dce0150271ad Downloading 3.146MB
 f2b7aea2301e Downloading 3.146MB
 b21337b36fa4 Downloading 16.78MB
 c28013ce7862 Downloading 9.437MB
 d0143bbe2940 Downloading 4.194MB
 dd71dde834b5 Downloading 9.437MB
 603911942889 Downloading 2.097MB
 17a39c0ba978 Downloading 2.097MB
 5b5fe70539cd Downloading 2.097MB
 a94a80c1968d Downloading 5.243MB
 80c0304abda6 Downloading 11.53MB
 dce0150271ad Downloading 3.146MB
 f2b7aea2301e Downloading 3.146MB
 b21337b36fa4 Downloading 16.78MB
 d0143bbe2940 Downloading 4.194MB
 dd71dde834b5 Downloading 9.437MB
 603911942889 Downloading 2.097MB
 c28013ce7862 Downloading 9.437MB
 17a39c0ba978 Downloading 2.097MB
 80c0304abda6 Downloading 11.53MB
 dce0150271ad Downloading 3.146MB
 5b5fe70539cd Downloading 2.097MB
 a94a80c1968d Downloading 5.243MB
 b21337b36fa4 Downloading 17.83MB
 f2b7aea2301e Downloading 3.146MB
 c28013ce7862 Downloading 9.437MB
 d0143bbe2940 Downloading 4.194MB
 dd71dde834b5 Downloading 9.437MB
 603911942889 Downloading 3.146MB
 17a39c0ba978 Downloading 2.097MB
 a94a80c1968d Downloading 5.243MB
 80c0304abda6 Downloading 11.53MB
 dce0150271ad Downloading 3.732MB
 5b5fe70539cd Downloading 2.097MB
 b21337b36fa4 Downloading 17.83MB
 f2b7aea2301e Downloading 3.146MB
 c28013ce7862 Downloading 9.437MB
 d0143bbe2940 Downloading 4.194MB
 dd71dde834b5 Downloading 9.437MB
 603911942889 Downloading 3.146MB
 17a39c0ba978 Downloading 2.097MB
 80c0304abda6 Downloading 12.58MB
 dce0150271ad Download complete 0B
 5b5fe70539cd Downloading 2.097MB
 a94a80c1968d Downloading 6.291MB
 f2b7aea2301e Downloading 3.146MB
 b21337b36fa4 Downloading 17.83MB
 603911942889 Downloading 3.146MB
 c28013ce7862 Downloading 9.437MB
 d0143bbe2940 Downloading 4.194MB
 dd71dde834b5 Downloading 9.437MB
 17a39c0ba978 Downloading 2.097MB
 5b5fe70539cd Downloading 2.097MB
 a94a80c1968d Downloading 6.291MB
 80c0304abda6 Downloading 12.58MB
 f2b7aea2301e Downloading 3.146MB
 b21337b36fa4 Downloading 18.87MB
 c28013ce7862 Downloading 9.437MB
 d0143bbe2940 Downloading 4.194MB
 dd71dde834b5 Downloading 9.437MB
 603911942889 Downloading 3.146MB
 17a39c0ba978 Downloading 2.097MB
 5b5fe70539cd Downloading 2.097MB
 a94a80c1968d Downloading 6.291MB
 80c0304abda6 Downloading 12.58MB
 f2b7aea2301e Downloading 3.146MB
 b21337b36fa4 Downloading 18.87MB
 603911942889 Downloading 3.146MB
 c28013ce7862 Downloading 9.437MB
 d0143bbe2940 Downloading 4.194MB
 dd71dde834b5 Downloading 9.437MB
 17a39c0ba978 Downloading 2.097MB
 5b5fe70539cd Downloading 2.097MB
 a94a80c1968d Downloading 6.291MB
 80c0304abda6 Downloading 12.58MB
 b21337b36fa4 Downloading 18.87MB
 f2b7aea2301e Downloading 3.146MB
 c28013ce7862 Downloading 9.437MB
 d0143bbe2940 Downloading 4.194MB
 dd71dde834b5 Downloading 9.437MB
 603911942889 Downloading 3.146MB
 80c0304abda6 Downloading 13.63MB
 5b5fe70539cd Downloading 2.097MB
 17a39c0ba978 Downloading 2.097MB
 a94a80c1968d Downloading 6.291MB
 f2b7aea2301e Downloading 3.146MB
 b21337b36fa4 Downloading 18.87MB
 c28013ce7862 Downloading 10.49MB
 d0143bbe2940 Downloading 4.194MB
 dd71dde834b5 Downloading 9.437MB
 603911942889 Downloading 3.146MB
 17a39c0ba978 Downloading 2.097MB
 5b5fe70539cd Downloading 2.097MB
 a94a80c1968d Downloading 6.291MB
 80c0304abda6 Downloading 13.63MB
 f2b7aea2301e Downloading 3.146MB
 b21337b36fa4 Downloading 19.92MB
 dd71dde834b5 Downloading 9.437MB
 603911942889 Downloading 3.146MB
 c28013ce7862 Downloading 10.49MB
 d0143bbe2940 Downloading 4.194MB
 17a39c0ba978 Downloading 2.097MB
 5b5fe70539cd Downloading 2.097MB
 a94a80c1968d Downloading 6.291MB
 80c0304abda6 Downloading 13.63MB
 f2b7aea2301e Downloading 3.146MB
 b21337b36fa4 Downloading 19.92MB
 c28013ce7862 Downloading 10.49MB
 d0143bbe2940 Downloading 4.194MB
 dd71dde834b5 Downloading 9.437MB
 603911942889 Downloading 3.146MB
 17a39c0ba978 Downloading 2.097MB
 5b5fe70539cd Downloading 2.097MB
 a94a80c1968d Downloading 7.34MB
 80c0304abda6 Downloading 13.87MB
 f2b7aea2301e Downloading 3.146MB
 b21337b36fa4 Downloading 20.97MB
 c28013ce7862 Downloading 10.49MB
 d0143bbe2940 Downloading 4.194MB
 dd71dde834b5 Downloading 9.437MB
 603911942889 Downloading 3.146MB
 17a39c0ba978 Downloading 2.097MB
 5b5fe70539cd Downloading 2.097MB
 a94a80c1968d Downloading 7.34MB
 80c0304abda6 Downloading 14.68MB
 b21337b36fa4 Downloading 20.97MB
 f2b7aea2301e Downloading 3.146MB
 d0143bbe2940 Downloading 4.194MB
 dd71dde834b5 Downloading 9.437MB
 603911942889 Downloading 3.146MB
 c28013ce7862 Downloading 10.49MB
 17a39c0ba978 Downloading 2.097MB
 5b5fe70539cd Downloading 2.097MB
 a94a80c1968d Downloading 7.34MB
 80c0304abda6 Downloading 14.68MB
 f2b7aea2301e Downloading 3.146MB
 b21337b36fa4 Downloading 20.97MB
 c28013ce7862 Downloading 10.49MB
 d0143bbe2940 Downloading 4.194MB
 dd71dde834b5 Downloading 9.437MB
 603911942889 Downloading 3.146MB
 17a39c0ba978 Downloading 2.097MB
 80c0304abda6 Downloading 15.73MB
 5b5fe70539cd Downloading 2.097MB
 a94a80c1968d Downloading 7.34MB
 f2b7aea2301e Downloading 3.146MB
 b21337b36fa4 Downloading 22.02MB
 d0143bbe2940 Downloading 5.243MB
 dd71dde834b5 Downloading 9.437MB
 603911942889 Downloading 3.146MB
 c28013ce7862 Downloading 10.49MB
 80c0304abda6 Downloading 15.73MB
 5b5fe70539cd Downloading 2.097MB
 a94a80c1968d Downloading 7.34MB
 17a39c0ba978 Downloading 2.097MB
 f2b7aea2301e Downloading 3.146MB
 b21337b36fa4 Downloading 22.02MB
 dd71dde834b5 Downloading 9.437MB
 603911942889 Downloading 3.146MB
 c28013ce7862 Downloading 10.49MB
 d0143bbe2940 Downloading 5.243MB
 17a39c0ba978 Downloading 2.097MB
 80c0304abda6 Downloading 15.73MB
 5b5fe70539cd Downloading 2.097MB
 a94a80c1968d Downloading 7.34MB
 f2b7aea2301e Downloading 3.146MB
 b21337b36fa4 Downloading 22.02MB
 c28013ce7862 Downloading 10.49MB
 d0143bbe2940 Downloading 5.243MB
 dd71dde834b5 Downloading 9.437MB
 603911942889 Downloading 3.146MB
 17a39c0ba978 Downloading 2.097MB
 80c0304abda6 Downloading 15.73MB
 5b5fe70539cd Downloading 2.097MB
 a94a80c1968d Downloading 7.34MB
 f2b7aea2301e Downloading 3.146MB
 b21337b36fa4 Downloading 23.07MB
 dd71dde834b5 Downloading 9.437MB
 603911942889 Downloading 3.146MB
 c28013ce7862 Downloading 10.49MB
 d0143bbe2940 Downloading 5.243MB
 17a39c0ba978 Downloading 2.097MB
 80c0304abda6 Downloading 15.73MB
 5b5fe70539cd Downloading 2.097MB
 a94a80c1968d Downloading 7.34MB
 b21337b36fa4 Downloading 23.07MB
 f2b7aea2301e Downloading 3.146MB
 c28013ce7862 Downloading 10.49MB
 d0143bbe2940 Downloading 5.243MB
 dd71dde834b5 Downloading 9.437MB
 603911942889 Downloading 3.146MB
 17a39c0ba978 Downloading 2.097MB
 80c0304abda6 Downloading 16.78MB
 5b5fe70539cd Downloading 3.146MB
 a94a80c1968d Downloading 7.34MB
 f2b7aea2301e Downloading 3.146MB
 b21337b36fa4 Downloading 23.07MB
 dd71dde834b5 Downloading 9.437MB
 603911942889 Downloading 3.146MB
 c28013ce7862 Downloading 10.49MB
 d0143bbe2940 Downloading 5.243MB
 80c0304abda6 Downloading 16.78MB
 5b5fe70539cd Downloading 3.146MB
 a94a80c1968d Downloading 7.34MB
 17a39c0ba978 Downloading 2.097MB
 b21337b36fa4 Downloading 24.12MB
 f2b7aea2301e Downloading 3.146MB
 dd71dde834b5 Downloading 9.437MB
 603911942889 Downloading 3.146MB
 c28013ce7862 Downloading 10.49MB
 d0143bbe2940 Downloading 5.243MB
 17a39c0ba978 Downloading 2.097MB
 a94a80c1968d Downloading 8.389MB
 80c0304abda6 Downloading 16.78MB
 5b5fe70539cd Downloading 3.146MB
 b21337b36fa4 Downloading 24.12MB
 f2b7aea2301e Downloading 3.146MB
 dd71dde834b5 Downloading 9.437MB
 603911942889 Downloading 3.146MB
 c28013ce7862 Downloading 10.49MB
 d0143bbe2940 Downloading 5.243MB
 17a39c0ba978 Downloading 2.097MB
 80c0304abda6 Downloading 16.78MB
 5b5fe70539cd Downloading 3.146MB
 a94a80c1968d Downloading 8.389MB
 f2b7aea2301e Downloading 4.194MB
 b21337b36fa4 Downloading 24.12MB
 dd71dde834b5 Downloading 9.437MB
 603911942889 Downloading 3.146MB
 c28013ce7862 Downloading 10.49MB
 d0143bbe2940 Downloading 5.243MB
 17a39c0ba978 Downloading 2.097MB
 80c0304abda6 Downloading 17.83MB
 5b5fe70539cd Downloading 3.146MB
 a94a80c1968d Downloading 8.389MB
 f2b7aea2301e Downloading 4.194MB
 b21337b36fa4 Downloading 25.17MB
 17a39c0ba978 Downloading 3.146MB
 d0143bbe2940 Downloading 5.243MB
 dd71dde834b5 Downloading 9.437MB
 603911942889 Downloading 3.146MB
 c28013ce7862 Downloading 10.49MB
 a94a80c1968d Downloading 8.389MB
 80c0304abda6 Downloading 17.83MB
 5b5fe70539cd Downloading 3.146MB
 f2b7aea2301e Downloading 4.194MB
 b21337b36fa4 Downloading 25.17MB
 c28013ce7862 Downloading 10.49MB
 d0143bbe2940 Downloading 5.243MB
 dd71dde834b5 Downloading 9.437MB
 603911942889 Downloading 3.146MB
 17a39c0ba978 Downloading 3.146MB
 80c0304abda6 Downloading 17.83MB
 5b5fe70539cd Downloading 3.146MB
 a94a80c1968d Downloading 8.389MB
 f2b7aea2301e Downloading 4.194MB
 b21337b36fa4 Downloading 25.17MB
 c28013ce7862 Downloading 10.49MB
 d0143bbe2940 Downloading 5.243MB
 dd71dde834b5 Downloading 9.437MB
 603911942889 Downloading 3.146MB
 17a39c0ba978 Downloading 3.146MB
 80c0304abda6 Downloading 17.83MB
 5b5fe70539cd Downloading 3.146MB
 a94a80c1968d Downloading 9.437MB
 f2b7aea2301e Downloading 4.194MB
 b21337b36fa4 Downloading 25.17MB
 dd71dde834b5 Downloading 9.437MB
 603911942889 Downloading 3.146MB
 c28013ce7862 Downloading 10.49MB
 d0143bbe2940 Downloading 5.243MB
 17a39c0ba978 Downloading 3.146MB
 80c0304abda6 Downloading 17.83MB
 5b5fe70539cd Downloading 3.146MB
 a94a80c1968d Downloading 9.437MB
 b21337b36fa4 Downloading 26.21MB
 f2b7aea2301e Downloading 4.194MB
 c28013ce7862 Downloading 10.49MB
 d0143bbe2940 Downloading 5.243MB
 dd71dde834b5 Downloading 9.437MB
 603911942889 Downloading 3.146MB
 17a39c0ba978 Downloading 3.146MB
 5b5fe70539cd Downloading 3.146MB
 a94a80c1968d Downloading 9.437MB
 80c0304abda6 Downloading 17.83MB
 b21337b36fa4 Downloading 27.26MB
 f2b7aea2301e Downloading 4.194MB
 dd71dde834b5 Downloading 9.437MB
 603911942889 Downloading 3.146MB
 c28013ce7862 Downloading 10.49MB
 d0143bbe2940 Downloading 5.243MB
 17a39c0ba978 Downloading 3.146MB
 80c0304abda6 Downloading 17.83MB
 5b5fe70539cd Downloading 3.146MB
 a94a80c1968d Downloading 9.437MB
 f2b7aea2301e Downloading 4.194MB
 b21337b36fa4 Downloading 27.26MB
 c28013ce7862 Downloading 10.49MB
 d0143bbe2940 Downloading 5.243MB
 dd71dde834b5 Downloading 9.437MB
 603911942889 Downloading 3.146MB
 17a39c0ba978 Downloading 3.146MB
 5b5fe70539cd Downloading 3.146MB
 a94a80c1968d Downloading 9.437MB
 80c0304abda6 Downloading 18.87MB
 f2b7aea2301e Downloading 4.194MB
 b21337b36fa4 Downloading 27.26MB
 603911942889 Downloading 3.146MB
 c28013ce7862 Downloading 10.49MB
 d0143bbe2940 Downloading 5.243MB
 dd71dde834b5 Downloading 9.437MB
 17a39c0ba978 Downloading 3.146MB
 80c0304abda6 Downloading 19.92MB
 5b5fe70539cd Downloading 3.146MB
 a94a80c1968d Downloading 9.437MB
 f2b7aea2301e Downloading 4.194MB
 b21337b36fa4 Downloading 27.26MB
 d0143bbe2940 Downloading 5.243MB
 dd71dde834b5 Downloading 9.437MB
 603911942889 Downloading 3.146MB
 c28013ce7862 Downloading 10.49MB
 17a39c0ba978 Download complete 0B
 17a39c0ba978 Extracting 1B
 5b5fe70539cd Downloading 3.146MB
 a94a80c1968d Downloading 10.49MB
 80c0304abda6 Downloading 19.92MB
 f2b7aea2301e Downloading 4.194MB
 b21337b36fa4 Downloading 28.31MB
 d0143bbe2940 Downloading 5.243MB
 dd71dde834b5 Downloading 9.437MB
 603911942889 Downloading 3.146MB
 c28013ce7862 Downloading 10.49MB
 17a39c0ba978 Extracting 1B
 80c0304abda6 Downloading 19.92MB
 5b5fe70539cd Downloading 3.146MB
 a94a80c1968d Downloading 10.49MB
 17a39c0ba978 Pull complete 0B
 Image alpine:3.19 Pulled 
 f2b7aea2301e Downloading 4.194MB
 b21337b36fa4 Downloading 28.31MB
 603911942889 Downloading 3.146MB
 c28013ce7862 Downloading 10.49MB
 d0143bbe2940 Downloading 5.243MB
 dd71dde834b5 Downloading 9.437MB
 5b5fe70539cd Downloading 3.146MB
 a94a80c1968d Downloading 10.49MB
 80c0304abda6 Downloading 20.97MB
 f2b7aea2301e Downloading 4.194MB
 b21337b36fa4 Downloading 28.31MB
 dd71dde834b5 Downloading 9.437MB
 603911942889 Downloading 3.146MB
 c28013ce7862 Downloading 10.49MB
 d0143bbe2940 Downloading 5.243MB
 5b5fe70539cd Downloading 3.146MB
 a94a80c1968d Downloading 10.49MB
 80c0304abda6 Downloading 20.97MB
 f2b7aea2301e Downloading 4.194MB
 b21337b36fa4 Downloading 29.36MB
 d0143bbe2940 Downloading 5.243MB
 dd71dde834b5 Downloading 9.437MB
 603911942889 Downloading 3.146MB
 c28013ce7862 Downloading 10.49MB
 5b5fe70539cd Downloading 3.146MB
 a94a80c1968d Downloading 10.49MB
 80c0304abda6 Downloading 20.97MB
 f2b7aea2301e Downloading 4.194MB
 b21337b36fa4 Downloading 29.36MB
 c28013ce7862 Downloading 10.49MB
 d0143bbe2940 Downloading 5.243MB
 dd71dde834b5 Downloading 9.437MB
 603911942889 Downloading 3.146MB
 80c0304abda6 Downloading 20.97MB
 5b5fe70539cd Downloading 3.146MB
 a94a80c1968d Downloading 10.49MB
 f2b7aea2301e Downloading 4.194MB
 b21337b36fa4 Downloading 30.41MB
 d0143bbe2940 Downloading 5.243MB
 dd71dde834b5 Downloading 9.437MB
 603911942889 Downloading 3.146MB
 c28013ce7862 Downloading 10.49MB
 5b5fe70539cd Downloading 3.146MB
 a94a80c1968d Downloading 11.53MB
 80c0304abda6 Downloading 22.02MB
 b21337b36fa4 Downloading 30.78MB
 f2b7aea2301e Downloading 4.194MB
 dd71dde834b5 Downloading 9.437MB
 603911942889 Downloading 4.194MB
 c28013ce7862 Downloading 10.49MB
 d0143bbe2940 Downloading 5.243MB
 80c0304abda6 Downloading 22.02MB
 5b5fe70539cd Downloading 3.146MB
 a94a80c1968d Downloading 11.53MB
 f2b7aea2301e Downloading 4.194MB
 b21337b36fa4 Download complete 0B
 dd71dde834b5 Downloading 10.49MB
 603911942889 Downloading 4.194MB
 c28013ce7862 Downloading 10.49MB
 d0143bbe2940 Downloading 5.243MB
 b21337b36fa4 Extracting 1B
 80c0304abda6 Downloading 23.07MB
 5b5fe70539cd Downloading 3.146MB
 a94a80c1968d Downloading 11.53MB
 f2b7aea2301e Downloading 4.194MB
 dd71dde834b5 Downloading 10.49MB
 603911942889 Downloading 4.194MB
 c28013ce7862 Downloading 10.49MB
 d0143bbe2940 Downloading 5.243MB
 b21337b36fa4 Extracting 1B
 5b5fe70539cd Downloading 3.146MB
 a94a80c1968d Downloading 12.58MB
 80c0304abda6 Downloading 23.07MB
 f2b7aea2301e Downloading 4.194MB
 b21337b36fa4 Extracting 1B
 dd71dde834b5 Downloading 10.49MB
 603911942889 Downloading 4.194MB
 c28013ce7862 Downloading 10.49MB
 d0143bbe2940 Downloading 5.243MB
 80c0304abda6 Downloading 24.12MB
 5b5fe70539cd Downloading 3.146MB
 a94a80c1968d Downloading 12.58MB
 f2b7aea2301e Downloading 4.194MB
 b21337b36fa4 Extracting 1B
 c28013ce7862 Downloading 10.49MB
 d0143bbe2940 Downloading 6.291MB
 dd71dde834b5 Downloading 10.49MB
 603911942889 Downloading 4.194MB
 5b5fe70539cd Downloading 3.146MB
 a94a80c1968d Downloading 12.58MB
 80c0304abda6 Downloading 24.12MB
 f2b7aea2301e Downloading 4.194MB
 b21337b36fa4 Extracting 1B
 603911942889 Downloading 4.194MB
 c28013ce7862 Downloading 10.49MB
 d0143bbe2940 Downloading 6.291MB
 dd71dde834b5 Downloading 10.49MB
 80c0304abda6 Downloading 25.17MB
 5b5fe70539cd Downloading 3.146MB
 a94a80c1968d Downloading 12.58MB
 f2b7aea2301e Downloading 4.194MB
 b21337b36fa4 Extracting 1B
 dd71dde834b5 Downloading 10.49MB
 603911942889 Downloading 4.194MB
 c28013ce7862 Downloading 10.49MB
 d0143bbe2940 Downloading 6.291MB
 80c0304abda6 Downloading 25.17MB
 5b5fe70539cd Downloading 3.146MB
 a94a80c1968d Downloading 12.58MB
 f2b7aea2301e Downloading 4.194MB
 b21337b36fa4 Extracting 1B
 dd71dde834b5 Downloading 10.49MB
 603911942889 Downloading 4.194MB
 c28013ce7862 Downloading 10.49MB
 d0143bbe2940 Downloading 6.291MB
 80c0304abda6 Downloading 26.21MB
 5b5fe70539cd Downloading 3.146MB
 a94a80c1968d Downloading 12.58MB
 f2b7aea2301e Downloading 4.194MB
 b21337b36fa4 Extracting 1B
 603911942889 Downloading 4.194MB
 c28013ce7862 Downloading 10.49MB
 d0143bbe2940 Downloading 6.291MB
 dd71dde834b5 Downloading 10.49MB
 80c0304abda6 Downloading 26.21MB
 5b5fe70539cd Downloading 3.146MB
 a94a80c1968d Downloading 13.63MB
 f2b7aea2301e Downloading 5.243MB
 c28013ce7862 Downloading 10.49MB
 d0143bbe2940 Downloading 6.291MB
 b21337b36fa4 Pull complete 0B
 dd71dde834b5 Downloading 10.49MB
 603911942889 Downloading 4.194MB
 80c0304abda6 Downloading 27.26MB
 5b5fe70539cd Downloading 3.146MB
 a94a80c1968d Downloading 13.63MB
 f2b7aea2301e Downloading 5.243MB
 d0143bbe2940 Downloading 6.291MB
 dd71dde834b5 Downloading 10.49MB
 603911942889 Downloading 4.194MB
 c28013ce7862 Downloading 11.53MB
 5b5fe70539cd Downloading 3.146MB
 a94a80c1968d Downloading 13.63MB
 80c0304abda6 Downloading 27.26MB
 f2b7aea2301e Downloading 5.243MB
 d0143bbe2940 Downloading 6.291MB
 dd71dde834b5 Downloading 10.49MB
 603911942889 Downloading 4.194MB
 c28013ce7862 Downloading 11.53MB
 5b5fe70539cd Downloading 4.194MB
 a94a80c1968d Downloading 13.63MB
 80c0304abda6 Downloading 28.31MB
 f2b7aea2301e Downloading 5.243MB
 c28013ce7862 Downloading 11.53MB
 d0143bbe2940 Downloading 6.291MB
 dd71dde834b5 Downloading 10.49MB
 603911942889 Downloading 4.194MB
 5b5fe70539cd Downloading 4.194MB
 a94a80c1968d Downloading 13.63MB
 80c0304abda6 Downloading 28.31MB
 f2b7aea2301e Downloading 5.243MB
 c28013ce7862 Downloading 11.53MB
 d0143bbe2940 Downloading 6.291MB
 dd71dde834b5 Downloading 10.49MB
 603911942889 Downloading 4.194MB
 80c0304abda6 Downloading 28.31MB
 5b5fe70539cd Downloading 4.194MB
 a94a80c1968d Downloading 13.63MB
 f2b7aea2301e Downloading 5.243MB
 dd71dde834b5 Downloading 10.49MB
 603911942889 Downloading 4.194MB
 c28013ce7862 Downloading 11.53MB
 d0143bbe2940 Downloading 6.291MB
 80c0304abda6 Downloading 29.36MB
 5b5fe70539cd Downloading 4.194MB
 a94a80c1968d Downloading 14.68MB
 f2b7aea2301e Downloading 5.243MB
 d0143bbe2940 Downloading 6.291MB
 dd71dde834b5 Downloading 10.49MB
 603911942889 Downloading 4.194MB
 c28013ce7862 Downloading 11.53MB
 80c0304abda6 Downloading 29.36MB
 5b5fe70539cd Downloading 4.194MB
 a94a80c1968d Downloading 14.68MB
 f2b7aea2301e Downloading 5.243MB
 dd71dde834b5 Downloading 10.49MB
 603911942889 Downloading 4.194MB
 c28013ce7862 Downloading 11.53MB
 d0143bbe2940 Downloading 6.291MB
 80c0304abda6 Downloading 29.36MB
 5b5fe70539cd Downloading 4.194MB
 a94a80c1968d Downloading 14.68MB
 f2b7aea2301e Downloading 5.243MB
 dd71dde834b5 Downloading 10.49MB
 603911942889 Downloading 4.194MB
 c28013ce7862 Downloading 11.53MB
 d0143bbe2940 Downloading 6.291MB
 80c0304abda6 Downloading 30.41MB
 5b5fe70539cd Downloading 4.194MB
 a94a80c1968d Downloading 14.68MB
 f2b7aea2301e Downloading 5.243MB
 dd71dde834b5 Downloading 10.49MB
 603911942889 Downloading 4.194MB
 c28013ce7862 Downloading 11.53MB
 d0143bbe2940 Downloading 6.291MB
 5b5fe70539cd Downloading 4.194MB
 a94a80c1968d Downloading 14.68MB
 80c0304abda6 Downloading 30.41MB
 f2b7aea2301e Downloading 5.243MB
 dd71dde834b5 Downloading 11.53MB
 603911942889 Downloading 5.243MB
 c28013ce7862 Downloading 11.53MB
 d0143bbe2940 Downloading 6.291MB
 5b5fe70539cd Downloading 4.194MB
 a94a80c1968d Downloading 14.68MB
 80c0304abda6 Downloading 30.59MB
 f2b7aea2301e Downloading 5.243MB
 603911942889 Downloading 5.243MB
 c28013ce7862 Downloading 11.53MB
 d0143bbe2940 Downloading 7.34MB
 dd71dde834b5 Downloading 11.53MB
 5b5fe70539cd Downloading 4.194MB
 a94a80c1968d Downloading 14.68MB
 80c0304abda6 Downloading 31.46MB
 f2b7aea2301e Downloading 5.243MB
 d0143bbe2940 Downloading 7.34MB
 dd71dde834b5 Downloading 11.53MB
 603911942889 Downloading 5.243MB
 c28013ce7862 Downloading 11.53MB
 a94a80c1968d Downloading 15.73MB
 80c0304abda6 Downloading 31.46MB
 5b5fe70539cd Downloading 4.194MB
 f2b7aea2301e Downloading 5.243MB
 dd71dde834b5 Downloading 11.53MB
 603911942889 Downloading 5.243MB
 c28013ce7862 Downloading 11.53MB
 d0143bbe2940 Downloading 7.34MB
 a94a80c1968d Downloading 15.73MB
 80c0304abda6 Downloading 32.51MB
 5b5fe70539cd Downloading 4.194MB
 f2b7aea2301e Downloading 5.243MB
 d0143bbe2940 Downloading 7.34MB
 dd71dde834b5 Downloading 11.53MB
 603911942889 Downloading 5.243MB
 c28013ce7862 Downloading 11.53MB
 80c0304abda6 Downloading 33.55MB
 5b5fe70539cd Downloading 4.194MB
 a94a80c1968d Downloading 15.73MB
 f2b7aea2301e Downloading 5.243MB
 dd71dde834b5 Downloading 11.53MB
 603911942889 Downloading 5.243MB
 c28013ce7862 Downloading 11.53MB
 d0143bbe2940 Downloading 7.34MB
 80c0304abda6 Downloading 33.55MB
 5b5fe70539cd Downloading 4.194MB
 a94a80c1968d Downloading 15.73MB
 f2b7aea2301e Downloading 5.243MB
 603911942889 Downloading 5.243MB
 c28013ce7862 Downloading 11.53MB
 d0143bbe2940 Downloading 7.34MB
 dd71dde834b5 Downloading 11.53MB
 80c0304abda6 Downloading 33.55MB
 5b5fe70539cd Downloading 4.194MB
 a94a80c1968d Downloading 16.78MB
 f2b7aea2301e Downloading 5.243MB
 dd71dde834b5 Downloading 11.53MB
 603911942889 Downloading 5.243MB
 c28013ce7862 Downloading 11.53MB
 d0143bbe2940 Downloading 7.34MB
 80c0304abda6 Downloading 34.6MB
 5b5fe70539cd Downloading 4.194MB
 a94a80c1968d Downloading 16.78MB
 f2b7aea2301e Downloading 6.291MB
 dd71dde834b5 Downloading 11.53MB
 603911942889 Downloading 5.243MB
 c28013ce7862 Downloading 11.53MB
 d0143bbe2940 Downloading 7.34MB
 5b5fe70539cd Downloading 4.194MB
 a94a80c1968d Downloading 16.78MB
 80c0304abda6 Downloading 34.6MB
 f2b7aea2301e Downloading 6.291MB
 dd71dde834b5 Downloading 11.53MB
 603911942889 Downloading 5.243MB
 c28013ce7862 Downloading 11.53MB
 d0143bbe2940 Downloading 7.34MB
 5b5fe70539cd Downloading 4.194MB
 a94a80c1968d Downloading 16.78MB
 80c0304abda6 Downloading 35.65MB
 f2b7aea2301e Downloading 6.291MB
 dd71dde834b5 Downloading 11.53MB
 603911942889 Downloading 5.243MB
 c28013ce7862 Downloading 11.53MB
 d0143bbe2940 Downloading 7.34MB
 5b5fe70539cd Downloading 4.194MB
 a94a80c1968d Downloading 16.78MB
 80c0304abda6 Downloading 35.65MB
 f2b7aea2301e Downloading 6.291MB
 c28013ce7862 Downloading 11.53MB
 d0143bbe2940 Downloading 7.34MB
 dd71dde834b5 Downloading 11.53MB
 603911942889 Downloading 5.243MB
 5b5fe70539cd Downloading 4.194MB
 a94a80c1968d Downloading 16.78MB
 80c0304abda6 Downloading 35.65MB
 f2b7aea2301e Downloading 6.291MB
 c28013ce7862 Downloading 12.58MB
 d0143bbe2940 Downloading 7.34MB
 dd71dde834b5 Downloading 11.53MB
 603911942889 Downloading 5.243MB
 80c0304abda6 Downloading 36.7MB
 5b5fe70539cd Downloading 5.243MB
 a94a80c1968d Downloading 17.83MB
 f2b7aea2301e Downloading 6.291MB
 d0143bbe2940 Downloading 7.34MB
 dd71dde834b5 Downloading 11.53MB
 603911942889 Downloading 5.243MB
 c28013ce7862 Downloading 12.58MB
 5b5fe70539cd Downloading 5.243MB
 a94a80c1968d Downloading 17.83MB
 80c0304abda6 Downloading 36.7MB
 f2b7aea2301e Downloading 6.291MB
 c28013ce7862 Downloading 12.58MB
 d0143bbe2940 Downloading 8.389MB
 dd71dde834b5 Downloading 11.53MB
 603911942889 Downloading 5.243MB
 5b5fe70539cd Downloading 5.243MB
 a94a80c1968d Downloading 17.83MB
 80c0304abda6 Downloading 36.7MB
 f2b7aea2301e Downloading 6.291MB
 dd71dde834b5 Downloading 12.58MB
 603911942889 Downloading 5.243MB
 c28013ce7862 Downloading 12.58MB
 d0143bbe2940 Downloading 8.389MB
 80c0304abda6 Downloading 37.75MB
 5b5fe70539cd Downloading 5.243MB
 a94a80c1968d Downloading 17.83MB
 f2b7aea2301e Downloading 6.291MB
 dd71dde834b5 Downloading 12.58MB
 603911942889 Downloading 6.291MB
 c28013ce7862 Downloading 12.58MB
 d0143bbe2940 Downloading 8.389MB
 80c0304abda6 Downloading 37.75MB
 5b5fe70539cd Downloading 5.243MB
 a94a80c1968d Downloading 17.83MB
 f2b7aea2301e Downloading 6.291MB
 c28013ce7862 Downloading 12.58MB
 d0143bbe2940 Downloading 8.389MB
 dd71dde834b5 Downloading 12.58MB
 603911942889 Downloading 6.291MB
 5b5fe70539cd Downloading 5.243MB
 a94a80c1968d Downloading 18.87MB
 80c0304abda6 Downloading 38.8MB
 f2b7aea2301e Downloading 6.291MB
 c28013ce7862 Downloading 12.58MB
 d0143bbe2940 Downloading 8.389MB
 dd71dde834b5 Downloading 12.58MB
 603911942889 Downloading 6.291MB
 80c0304abda6 Downloading 38.8MB
 5b5fe70539cd Downloading 5.243MB
 a94a80c1968d Downloading 18.87MB
 f2b7aea2301e Downloading 6.291MB
 c28013ce7862 Downloading 12.58MB
 d0143bbe2940 Downloading 8.389MB
 dd71dde834b5 Downloading 12.58MB
 603911942889 Downloading 6.291MB
 5b5fe70539cd Downloading 5.243MB
 a94a80c1968d Downloading 18.87MB
 80c0304abda6 Downloading 38.8MB
 f2b7aea2301e Downloading 6.291MB
 dd71dde834b5 Downloading 12.58MB
 603911942889 Downloading 6.291MB
 c28013ce7862 Downloading 12.58MB
 d0143bbe2940 Downloading 8.389MB
 5b5fe70539cd Downloading 5.243MB
 a94a80c1968d Downloading 18.87MB
 80c0304abda6 Downloading 38.98MB
 f2b7aea2301e Downloading 6.291MB
 dd71dde834b5 Downloading 12.58MB
 603911942889 Downloading 6.291MB
 c28013ce7862 Downloading 12.58MB
 d0143bbe2940 Downloading 8.389MB
 5b5fe70539cd Downloading 5.243MB
 a94a80c1968d Downloading 18.87MB
 80c0304abda6 Downloading 39.85MB
 f2b7aea2301e Downloading 7.34MB
 c28013ce7862 Downloading 12.58MB
 d0143bbe2940 Downloading 8.389MB
 dd71dde834b5 Downloading 12.58MB
 603911942889 Downloading 6.291MB
 5b5fe70539cd Downloading 5.243MB
 a94a80c1968d Downloading 18.87MB
 80c0304abda6 Downloading 39.85MB
 f2b7aea2301e Downloading 7.34MB
 dd71dde834b5 Downloading 12.58MB
 603911942889 Downloading 6.291MB
 c28013ce7862 Downloading 12.58MB
 d0143bbe2940 Downloading 8.389MB
 80c0304abda6 Downloading 39.85MB
 5b5fe70539cd Downloading 5.243MB
 a94a80c1968d Downloading 19.92MB
 f2b7aea2301e Downloading 7.34MB
 dd71dde834b5 Downloading 12.58MB
 603911942889 Downloading 6.291MB
 c28013ce7862 Downloading 12.58MB
 d0143bbe2940 Downloading 8.389MB
 80c0304abda6 Downloading 40.89MB
 5b5fe70539cd Downloading 5.243MB
 a94a80c1968d Downloading 19.92MB
 f2b7aea2301e Downloading 7.34MB
 dd71dde834b5 Downloading 12.58MB
 603911942889 Downloading 6.291MB
 c28013ce7862 Downloading 12.58MB
 d0143bbe2940 Downloading 8.389MB
 80c0304abda6 Downloading 40.89MB
 5b5fe70539cd Downloading 5.243MB
 a94a80c1968d Downloading 19.92MB
 f2b7aea2301e Downloading 7.34MB
 c28013ce7862 Downloading 12.58MB
 d0143bbe2940 Downloading 8.389MB
 dd71dde834b5 Downloading 12.58MB
 603911942889 Downloading 6.291MB
 80c0304abda6 Downloading 40.89MB
 5b5fe70539cd Downloading 5.243MB
 a94a80c1968d Downloading 19.92MB
 f2b7aea2301e Downloading 7.34MB
 603911942889 Downloading 6.291MB
 c28013ce7862 Downloading 12.58MB
 d0143bbe2940 Downloading 8.389MB
 dd71dde834b5 Downloading 12.58MB
 80c0304abda6 Downloading 41.94MB
 5b5fe70539cd Downloading 6.291MB
 a94a80c1968d Downloading 19.92MB
 f2b7aea2301e Downloading 7.34MB
 d0143bbe2940 Downloading 9.437MB
 dd71dde834b5 Downloading 12.58MB
 603911942889 Downloading 6.291MB
 c28013ce7862 Downloading 13.63MB
 80c0304abda6 Downloading 41.94MB
 5b5fe70539cd Downloading 6.291MB
 a94a80c1968d Downloading 19.92MB
 f2b7aea2301e Downloading 7.34MB
 dd71dde834b5 Downloading 13.63MB
 603911942889 Downloading 6.291MB
 c28013ce7862 Downloading 13.63MB
 d0143bbe2940 Downloading 9.437MB
 80c0304abda6 Downloading 41.94MB
 5b5fe70539cd Downloading 6.291MB
 a94a80c1968d Downloading 20.97MB
 f2b7aea2301e Downloading 7.34MB
 d0143bbe2940 Downloading 9.437MB
 dd71dde834b5 Downloading 13.63MB
 603911942889 Downloading 7.34MB
 c28013ce7862 Downloading 13.63MB
 80c0304abda6 Downloading 42.99MB
 5b5fe70539cd Downloading 6.291MB
 a94a80c1968d Downloading 20.97MB
 f2b7aea2301e Downloading 7.34MB
 dd71dde834b5 Downloading 13.63MB
 603911942889 Downloading 7.34MB
 c28013ce7862 Downloading 13.63MB
 d0143bbe2940 Downloading 9.437MB
 80c0304abda6 Downloading 42.99MB
 5b5fe70539cd Downloading 6.291MB
 a94a80c1968d Downloading 20.97MB
 f2b7aea2301e Downloading 7.34MB
 dd71dde834b5 Downloading 13.63MB
 603911942889 Downloading 7.34MB
 c28013ce7862 Downloading 13.63MB
 d0143bbe2940 Downloading 9.437MB
 80c0304abda6 Downloading 42.99MB
 5b5fe70539cd Downloading 6.291MB
 a94a80c1968d Downloading 20.97MB
 f2b7aea2301e Downloading 7.34MB
 dd71dde834b5 Downloading 13.63MB
 603911942889 Downloading 7.34MB
 c28013ce7862 Downloading 13.63MB
 d0143bbe2940 Downloading 9.437MB
 80c0304abda6 Downloading 44.04MB
 5b5fe70539cd Downloading 6.291MB
 a94a80c1968d Downloading 20.97MB
 f2b7aea2301e Downloading 7.34MB
 dd71dde834b5 Downloading 13.63MB
 603911942889 Downloading 7.34MB
 c28013ce7862 Downloading 13.63MB
 d0143bbe2940 Downloading 9.437MB
 a94a80c1968d Downloading 22.02MB
 80c0304abda6 Downloading 44.04MB
 5b5fe70539cd Downloading 6.291MB
 f2b7aea2301e Downloading 7.34MB
 dd71dde834b5 Downloading 13.63MB
 603911942889 Downloading 7.34MB
 c28013ce7862 Downloading 13.63MB
 d0143bbe2940 Downloading 9.437MB
 80c0304abda6 Downloading 44.04MB
 5b5fe70539cd Downloading 6.291MB
 a94a80c1968d Downloading 22.02MB
 f2b7aea2301e Downloading 8.389MB
 c28013ce7862 Downloading 13.63MB
 d0143bbe2940 Downloading 9.437MB
 dd71dde834b5 Downloading 13.63MB
 603911942889 Downloading 7.34MB
 a94a80c1968d Downloading 22.02MB
 80c0304abda6 Downloading 44.04MB
 5b5fe70539cd Downloading 6.291MB
 f2b7aea2301e Downloading 8.389MB
 dd71dde834b5 Downloading 13.63MB
 603911942889 Downloading 7.34MB
 c28013ce7862 Downloading 13.63MB
 d0143bbe2940 Downloading 9.437MB
 5b5fe70539cd Downloading 6.291MB
 a94a80c1968d Downloading 22.02MB
 80c0304abda6 Downloading 45.09MB
 f2b7aea2301e Downloading 8.389MB
 603911942889 Downloading 7.34MB
 c28013ce7862 Downloading 13.63MB
 d0143bbe2940 Downloading 9.437MB
 dd71dde834b5 Downloading 13.63MB
 5b5fe70539cd Downloading 6.291MB
 a94a80c1968d Downloading 22.02MB
 80c0304abda6 Downloading 45.09MB
 f2b7aea2301e Downloading 8.389MB
 dd71dde834b5 Downloading 13.63MB
 603911942889 Downloading 7.34MB
 c28013ce7862 Downloading 13.63MB
 d0143bbe2940 Downloading 9.437MB
 80c0304abda6 Downloading 45.09MB
 5b5fe70539cd Downloading 6.291MB
 a94a80c1968d Downloading 22.02MB
 f2b7aea2301e Downloading 8.389MB
 d0143bbe2940 Downloading 9.437MB
 dd71dde834b5 Downloading 13.63MB
 603911942889 Downloading 7.34MB
 c28013ce7862 Downloading 13.63MB
 5b5fe70539cd Downloading 7.34MB
 a94a80c1968d Downloading 23.07MB
 80c0304abda6 Downloading 46.14MB
 f2b7aea2301e Downloading 8.389MB
 dd71dde834b5 Downloading 14.68MB
 603911942889 Downloading 7.34MB
 c28013ce7862 Downloading 13.63MB
 d0143bbe2940 Downloading 10.49MB
 5b5fe70539cd Downloading 7.34MB
 a94a80c1968d Downloading 23.07MB
 80c0304abda6 Downloading 46.14MB
 f2b7aea2301e Downloading 8.389MB
 c28013ce7862 Downloading 14.68MB
 d0143bbe2940 Downloading 10.49MB
 dd71dde834b5 Downloading 14.68MB
 603911942889 Downloading 8.389MB
 5b5fe70539cd Downloading 7.34MB
 a94a80c1968d Downloading 23.07MB
 80c0304abda6 Downloading 46.14MB
 f2b7aea2301e Downloading 8.389MB
 603911942889 Downloading 8.389MB
 c28013ce7862 Downloading 14.68MB
 d0143bbe2940 Downloading 10.49MB
 dd71dde834b5 Downloading 14.68MB
 5b5fe70539cd Downloading 7.34MB
 a94a80c1968d Downloading 23.07MB
 80c0304abda6 Downloading 46.14MB
 f2b7aea2301e Downloading 8.389MB
 dd71dde834b5 Downloading 14.68MB
 603911942889 Downloading 8.389MB
 c28013ce7862 Downloading 14.68MB
 d0143bbe2940 Downloading 10.49MB
 80c0304abda6 Downloading 47.44MB
 5b5fe70539cd Downloading 7.34MB
 a94a80c1968d Downloading 23.07MB
 f2b7aea2301e Downloading 8.389MB
 dd71dde834b5 Downloading 14.68MB
 603911942889 Downloading 8.389MB
 c28013ce7862 Downloading 14.68MB
 d0143bbe2940 Downloading 10.49MB
 80c0304abda6 Download complete 0B
 5b5fe70539cd Downloading 7.34MB
 a94a80c1968d Downloading 24.12MB
 f2b7aea2301e Downloading 8.389MB
 c28013ce7862 Downloading 14.68MB
 d0143bbe2940 Downloading 10.49MB
 dd71dde834b5 Downloading 14.68MB
 603911942889 Downloading 8.389MB
 5b5fe70539cd Downloading 7.34MB
 a94a80c1968d Downloading 24.12MB
 f2b7aea2301e Downloading 8.389MB
 dd71dde834b5 Downloading 14.68MB
 603911942889 Downloading 8.389MB
 c28013ce7862 Downloading 14.68MB
 d0143bbe2940 Downloading 10.49MB
 5b5fe70539cd Downloading 7.34MB
 a94a80c1968d Downloading 24.12MB
 f2b7aea2301e Downloading 9.437MB
 c28013ce7862 Downloading 14.68MB
 d0143bbe2940 Downloading 10.49MB
 dd71dde834b5 Downloading 14.68MB
 603911942889 Downloading 8.389MB
 5b5fe70539cd Downloading 7.34MB
 a94a80c1968d Downloading 24.12MB
 f2b7aea2301e Downloading 9.437MB
 dd71dde834b5 Downloading 14.68MB
 603911942889 Downloading 8.389MB
 c28013ce7862 Downloading 14.68MB
 d0143bbe2940 Downloading 10.49MB
 5b5fe70539cd Downloading 7.34MB
 a94a80c1968d Downloading 25.17MB
 f2b7aea2301e Downloading 9.437MB
 603911942889 Downloading 8.389MB
 c28013ce7862 Downloading 14.68MB
 d0143bbe2940 Downloading 11.53MB
 dd71dde834b5 Downloading 15.73MB
 5b5fe70539cd Downloading 8.389MB
 a94a80c1968d Downloading 25.17MB
 f2b7aea2301e Downloading 9.437MB
 d0143bbe2940 Downloading 11.53MB
 dd71dde834b5 Downloading 15.73MB
 603911942889 Downloading 8.389MB
 c28013ce7862 Downloading 14.68MB
 a94a80c1968d Downloading 25.17MB
 5b5fe70539cd Downloading 8.389MB
 f2b7aea2301e Downloading 9.437MB
 dd71dde834b5 Downloading 15.73MB
 603911942889 Downloading 9.437MB
 c28013ce7862 Downloading 15.73MB
 d0143bbe2940 Downloading 11.53MB
 5b5fe70539cd Downloading 8.389MB
 a94a80c1968d Downloading 25.17MB
 f2b7aea2301e Downloading 9.437MB
 dd71dde834b5 Downloading 15.73MB
 603911942889 Downloading 9.437MB
 c28013ce7862 Downloading 15.73MB
 d0143bbe2940 Downloading 11.53MB
 5b5fe70539cd Downloading 8.389MB
 a94a80c1968d Downloading 26.21MB
 f2b7aea2301e Downloading 9.437MB
 d0143bbe2940 Downloading 11.53MB
 dd71dde834b5 Downloading 15.73MB
 603911942889 Downloading 9.437MB
 c28013ce7862 Downloading 15.73MB
 5b5fe70539cd Downloading 8.389MB
 a94a80c1968d Downloading 26.21MB
 f2b7aea2301e Downloading 9.437MB
 dd71dde834b5 Downloading 15.73MB
 603911942889 Downloading 9.437MB
 c28013ce7862 Downloading 15.73MB
 d0143bbe2940 Downloading 11.53MB
 5b5fe70539cd Downloading 8.389MB
 a94a80c1968d Downloading 26.21MB
 f2b7aea2301e Downloading 9.437MB
 603911942889 Downloading 9.437MB
 c28013ce7862 Downloading 15.73MB
 d0143bbe2940 Downloading 11.53MB
 dd71dde834b5 Downloading 15.73MB
 5b5fe70539cd Downloading 8.389MB
 a94a80c1968d Downloading 26.21MB
 f2b7aea2301e Downloading 10.49MB
 c28013ce7862 Downloading 15.73MB
 d0143bbe2940 Downloading 11.53MB
 dd71dde834b5 Downloading 16.78MB
 603911942889 Downloading 9.437MB
 5b5fe70539cd Downloading 8.389MB
 a94a80c1968d Downloading 27.26MB
 f2b7aea2301e Downloading 10.49MB
 dd71dde834b5 Downloading 16.78MB
 603911942889 Downloading 9.437MB
 c28013ce7862 Downloading 15.73MB
 d0143bbe2940 Downloading 12.58MB
 5b5fe70539cd Downloading 8.389MB
 a94a80c1968d Downloading 27.26MB
 f2b7aea2301e Downloading 10.49MB
 c28013ce7862 Downloading 15.73MB
 d0143bbe2940 Downloading 12.58MB
 dd71dde834b5 Downloading 16.78MB
 603911942889 Downloading 9.437MB
 5b5fe70539cd Downloading 8.389MB
 a94a80c1968d Downloading 27.26MB
 f2b7aea2301e Downloading 10.49MB
 dd71dde834b5 Downloading 16.78MB
 603911942889 Downloading 9.437MB
 c28013ce7862 Downloading 15.73MB
 d0143bbe2940 Downloading 12.58MB
 5b5fe70539cd Downloading 9.437MB
 a94a80c1968d Downloading 27.26MB
 f2b7aea2301e Downloading 10.49MB
 dd71dde834b5 Downloading 16.78MB
 603911942889 Downloading 10.49MB
 c28013ce7862 Downloading 15.73MB
 d0143bbe2940 Downloading 12.58MB
 5b5fe70539cd Downloading 9.437MB
 a94a80c1968d Downloading 27.26MB
 f2b7aea2301e Downloading 10.49MB
 d0143bbe2940 Downloading 12.58MB
 dd71dde834b5 Downloading 16.78MB
 603911942889 Downloading 10.49MB
 c28013ce7862 Downloading 16.78MB
 5b5fe70539cd Downloading 9.437MB
 a94a80c1968d Downloading 28.31MB
 f2b7aea2301e Downloading 10.49MB
 603911942889 Downloading 10.49MB
 c28013ce7862 Downloading 16.78MB
 d0143bbe2940 Downloading 12.58MB
 dd71dde834b5 Downloading 16.78MB
 5b5fe70539cd Downloading 9.437MB
 a94a80c1968d Downloading 28.31MB
 f2b7aea2301e Downloading 10.49MB
 dd71dde834b5 Downloading 17.83MB
 603911942889 Downloading 10.49MB
 c28013ce7862 Downloading 16.78MB
 d0143bbe2940 Downloading 12.58MB
 5b5fe70539cd Downloading 9.437MB
 a94a80c1968d Downloading 28.31MB
 f2b7aea2301e Downloading 10.49MB
 d0143bbe2940 Downloading 12.58MB
 dd71dde834b5 Downloading 17.83MB
 603911942889 Downloading 10.49MB
 c28013ce7862 Downloading 16.78MB
 5b5fe70539cd Downloading 9.437MB
 a94a80c1968d Downloading 28.31MB
 f2b7aea2301e Downloading 11.53MB
 c28013ce7862 Downloading 16.78MB
 d0143bbe2940 Downloading 13.63MB
 dd71dde834b5 Downloading 17.83MB
 603911942889 Downloading 10.49MB
 5b5fe70539cd Downloading 9.437MB
 a94a80c1968d Downloading 29.36MB
 f2b7aea2301e Downloading 11.53MB
 603911942889 Downloading 10.49MB
 c28013ce7862 Downloading 16.78MB
 d0143bbe2940 Downloading 13.63MB
 dd71dde834b5 Downloading 17.83MB
 5b5fe70539cd Downloading 9.437MB
 a94a80c1968d Downloading 29.36MB
 f2b7aea2301e Downloading 11.53MB
 d0143bbe2940 Downloading 13.63MB
 dd71dde834b5 Downloading 17.83MB
 603911942889 Downloading 10.49MB
 c28013ce7862 Downloading 16.78MB
 5b5fe70539cd Downloading 9.437MB
 a94a80c1968d Downloading 29.36MB
 f2b7aea2301e Downloading 11.53MB
 c28013ce7862 Downloading 16.78MB
 d0143bbe2940 Downloading 13.63MB
 dd71dde834b5 Downloading 17.83MB
 603911942889 Downloading 11.53MB
 5b5fe70539cd Downloading 10.49MB
 a94a80c1968d Downloading 29.36MB
 f2b7aea2301e Downloading 11.53MB
 dd71dde834b5 Downloading 17.83MB
 603911942889 Downloading 11.53MB
 c28013ce7862 Downloading 16.78MB
 d0143bbe2940 Downloading 13.63MB
 5b5fe70539cd Downloading 10.49MB
 a94a80c1968d Downloading 30.41MB
 f2b7aea2301e Downloading 11.53MB
 c28013ce7862 Downloading 17.83MB
 d0143bbe2940 Downloading 13.63MB
 dd71dde834b5 Downloading 17.83MB
 603911942889 Downloading 11.53MB
 5b5fe70539cd Downloading 10.49MB
 a94a80c1968d Downloading 30.41MB
 f2b7aea2301e Download complete 0B
 f2b7aea2301e Extracting 1B
 c28013ce7862 Downloading 17.83MB
 d0143bbe2940 Downloading 13.63MB
 dd71dde834b5 Downloading 18.87MB
 603911942889 Downloading 11.53MB
 5b5fe70539cd Downloading 10.49MB
 a94a80c1968d Downloading 30.41MB
 f2b7aea2301e Extracting 1B
 d0143bbe2940 Downloading 13.63MB
 dd71dde834b5 Downloading 18.87MB
 603911942889 Downloading 11.53MB
 c28013ce7862 Downloading 17.83MB
 5b5fe70539cd Downloading 10.49MB
 a94a80c1968d Downloading 30.41MB
 dd71dde834b5 Downloading 18.87MB
 603911942889 Downloading 11.53MB
 c28013ce7862 Downloading 17.83MB
 d0143bbe2940 Downloading 14.68MB
 f2b7aea2301e Extracting 1B
 5b5fe70539cd Downloading 10.49MB
 a94a80c1968d Downloading 31.46MB
 201a049c3a80 Extracting 1B
 f2b7aea2301e Pull complete 0B
 d0143bbe2940 Downloading 14.68MB
 dd71dde834b5 Downloading 18.87MB
 603911942889 Downloading 11.53MB
 c28013ce7862 Downloading 17.83MB
 5b5fe70539cd Downloading 10.49MB
 a94a80c1968d Downloading 31.46MB
 c28013ce7862 Downloading 17.83MB
 02a23b10b0bd Extracting 1B
 201a049c3a80 Pull complete 0B
 d0143bbe2940 Downloading 14.68MB
 dd71dde834b5 Downloading 18.87MB
 603911942889 Downloading 11.53MB
 5b5fe70539cd Downloading 10.49MB
 a94a80c1968d Downloading 31.46MB
 02a23b10b0bd Pull complete 0B
 Image coturn/coturn:latest Pulled 
 603911942889 Downloading 12.58MB
 c28013ce7862 Downloading 17.83MB
 d0143bbe2940 Downloading 14.68MB
 dd71dde834b5 Downloading 18.87MB
 5b5fe70539cd Downloading 10.49MB
 a94a80c1968d Downloading 31.46MB
 603911942889 Download complete 0B
 c28013ce7862 Downloading 17.83MB
 d0143bbe2940 Downloading 14.68MB
 dd71dde834b5 Downloading 18.87MB
 5b5fe70539cd Downloading 11.53MB
 a94a80c1968d Downloading 32.51MB
 c28013ce7862 Downloading 18.87MB
 d0143bbe2940 Downloading 14.68MB
 dd71dde834b5 Downloading 19.92MB
 5b5fe70539cd Downloading 11.53MB
 a94a80c1968d Downloading 32.51MB
 dd71dde834b5 Downloading 19.92MB
 c28013ce7862 Downloading 18.87MB
 d0143bbe2940 Downloading 15.73MB
 5b5fe70539cd Downloading 11.53MB
 a94a80c1968d Downloading 32.51MB
 c28013ce7862 Downloading 18.87MB
 d0143bbe2940 Downloading 15.73MB
 dd71dde834b5 Downloading 19.92MB
 5b5fe70539cd Downloading 11.53MB
 a94a80c1968d Downloading 33.55MB
 dd71dde834b5 Downloading 19.92MB
 c28013ce7862 Downloading 18.87MB
 d0143bbe2940 Downloading 15.73MB
 5b5fe70539cd Downloading 11.53MB
 a94a80c1968d Downloading 33.55MB
 dd71dde834b5 Downloading 19.92MB
 c28013ce7862 Downloading 18.87MB
 d0143bbe2940 Downloading 15.73MB
 5b5fe70539cd Downloading 11.53MB
 a94a80c1968d Downloading 33.55MB
 dd71dde834b5 Downloading 19.92MB
 c28013ce7862 Downloading 18.87MB
 d0143bbe2940 Downloading 15.73MB
 5b5fe70539cd Downloading 11.53MB
 a94a80c1968d Downloading 33.55MB
 c28013ce7862 Downloading 19.92MB
 d0143bbe2940 Downloading 15.73MB
 dd71dde834b5 Downloading 20.97MB
 a94a80c1968d Downloading 34.6MB
 5b5fe70539cd Downloading 12.58MB
 c28013ce7862 Downloading 19.92MB
 d0143bbe2940 Downloading 16.78MB
 dd71dde834b5 Downloading 20.97MB
 5b5fe70539cd Downloading 12.58MB
 a94a80c1968d Downloading 34.6MB
 c28013ce7862 Downloading 19.92MB
 d0143bbe2940 Downloading 16.78MB
 dd71dde834b5 Downloading 20.97MB
 5b5fe70539cd Downloading 12.58MB
 a94a80c1968d Downloading 34.6MB
 dd71dde834b5 Downloading 20.97MB
 c28013ce7862 Downloading 19.92MB
 d0143bbe2940 Downloading 16.78MB
 5b5fe70539cd Downloading 12.58MB
 a94a80c1968d Downloading 35.65MB
 dd71dde834b5 Downloading 20.97MB
 c28013ce7862 Downloading 19.92MB
 d0143bbe2940 Downloading 16.78MB
 5b5fe70539cd Downloading 12.58MB
 a94a80c1968d Downloading 35.65MB
 c28013ce7862 Downloading 19.92MB
 d0143bbe2940 Downloading 16.78MB
 dd71dde834b5 Downloading 20.97MB
 5b5fe70539cd Downloading 12.58MB
 a94a80c1968d Downloading 35.65MB
 dd71dde834b5 Downloading 22.02MB
 c28013ce7862 Downloading 19.92MB
 d0143bbe2940 Downloading 16.78MB
 a94a80c1968d Downloading 36.7MB
 5b5fe70539cd Downloading 12.58MB
 dd71dde834b5 Downloading 22.02MB
 c28013ce7862 Downloading 20.97MB
 d0143bbe2940 Downloading 16.78MB
 5b5fe70539cd Downloading 13.63MB
 a94a80c1968d Downloading 36.7MB
 c28013ce7862 Downloading 20.97MB
 d0143bbe2940 Downloading 17.83MB
 dd71dde834b5 Downloading 22.02MB
 5b5fe70539cd Downloading 13.63MB
 a94a80c1968d Downloading 36.7MB
 dd71dde834b5 Downloading 22.02MB
 c28013ce7862 Downloading 20.97MB
 d0143bbe2940 Downloading 17.83MB
 5b5fe70539cd Downloading 13.63MB
 a94a80c1968d Downloading 37.75MB
 d0143bbe2940 Downloading 17.83MB
 dd71dde834b5 Downloading 22.02MB
 c28013ce7862 Downloading 20.97MB
 5b5fe70539cd Downloading 13.63MB
 a94a80c1968d Downloading 37.75MB
 dd71dde834b5 Downloading 22.02MB
 c28013ce7862 Downloading 20.97MB
 d0143bbe2940 Downloading 17.83MB
 5b5fe70539cd Downloading 13.63MB
 a94a80c1968d Downloading 37.75MB
 c28013ce7862 Downloading 20.97MB
 d0143bbe2940 Downloading 17.83MB
 dd71dde834b5 Downloading 23.07MB
 5b5fe70539cd Downloading 13.63MB
 a94a80c1968d Downloading 38.8MB
 dd71dde834b5 Downloading 23.07MB
 c28013ce7862 Downloading 20.97MB
 d0143bbe2940 Downloading 17.83MB
 5b5fe70539cd Downloading 13.63MB
 a94a80c1968d Downloading 38.8MB
 c28013ce7862 Downloading 22.02MB
 d0143bbe2940 Downloading 18.87MB
 dd71dde834b5 Downloading 23.07MB
 5b5fe70539cd Downloading 14.68MB
 a94a80c1968d Downloading 38.8MB
 c28013ce7862 Downloading 22.02MB
 d0143bbe2940 Downloading 18.87MB
 dd71dde834b5 Downloading 23.07MB
 5b5fe70539cd Downloading 14.68MB
 a94a80c1968d Downloading 39.85MB
 c28013ce7862 Downloading 22.02MB
 d0143bbe2940 Downloading 18.87MB
 dd71dde834b5 Downloading 23.07MB
 5b5fe70539cd Downloading 14.68MB
 a94a80c1968d Downloading 39.85MB
 d0143bbe2940 Downloading 18.87MB
 dd71dde834b5 Downloading 23.07MB
 c28013ce7862 Downloading 22.02MB
 5b5fe70539cd Downloading 14.68MB
 a94a80c1968d Downloading 39.85MB
 dd71dde834b5 Downloading 23.07MB
 c28013ce7862 Downloading 22.02MB
 d0143bbe2940 Downloading 18.87MB
 5b5fe70539cd Downloading 14.68MB
 a94a80c1968d Downloading 40.89MB
 dd71dde834b5 Downloading 24.12MB
 c28013ce7862 Downloading 22.02MB
 d0143bbe2940 Downloading 18.87MB
 5b5fe70539cd Downloading 14.68MB
 a94a80c1968d Downloading 40.89MB
 d0143bbe2940 Downloading 19.92MB
 dd71dde834b5 Downloading 24.12MB
 c28013ce7862 Downloading 23.07MB
 5b5fe70539cd Downloading 14.68MB
 a94a80c1968d Downloading 40.89MB
 d0143bbe2940 Downloading 19.92MB
 dd71dde834b5 Downloading 24.12MB
 c28013ce7862 Downloading 23.07MB
 5b5fe70539cd Downloading 15.73MB
 a94a80c1968d Downloading 41.94MB
 dd71dde834b5 Downloading 24.12MB
 c28013ce7862 Downloading 23.07MB
 d0143bbe2940 Downloading 19.92MB
 a94a80c1968d Downloading 41.94MB
 5b5fe70539cd Downloading 15.73MB
 c28013ce7862 Downloading 23.07MB
 d0143bbe2940 Downloading 19.92MB
 dd71dde834b5 Downloading 24.12MB
 5b5fe70539cd Downloading 15.73MB
 a94a80c1968d Downloading 41.94MB
 d0143bbe2940 Downloading 19.92MB
 dd71dde834b5 Downloading 24.12MB
 c28013ce7862 Downloading 23.07MB
 5b5fe70539cd Downloading 15.73MB
 a94a80c1968d Downloading 42.99MB
 dd71dde834b5 Downloading 24.12MB
 c28013ce7862 Downloading 23.07MB
 d0143bbe2940 Downloading 19.92MB
 5b5fe70539cd Downloading 15.73MB
 a94a80c1968d Downloading 42.99MB
 c28013ce7862 Downloading 24.12MB
 d0143bbe2940 Downloading 19.92MB
 dd71dde834b5 Downloading 25.17MB
 5b5fe70539cd Downloading 15.73MB
 a94a80c1968d Downloading 42.99MB
 c28013ce7862 Downloading 24.12MB
 d0143bbe2940 Downloading 20.97MB
 dd71dde834b5 Downloading 25.17MB
 5b5fe70539cd Downloading 15.73MB
 a94a80c1968d Downloading 44.04MB
 d0143bbe2940 Downloading 20.97MB
 dd71dde834b5 Downloading 25.17MB
 c28013ce7862 Downloading 24.12MB
 5b5fe70539cd Downloading 16.78MB
 a94a80c1968d Downloading 44.04MB
 dd71dde834b5 Downloading 25.17MB
 c28013ce7862 Downloading 24.12MB
 d0143bbe2940 Downloading 20.97MB
 a94a80c1968d Downloading 44.04MB
 5b5fe70539cd Downloading 16.78MB
 c28013ce7862 Downloading 24.12MB
 d0143bbe2940 Downloading 20.97MB
 dd71dde834b5 Downloading 25.17MB
 a94a80c1968d Downloading 45.09MB
 5b5fe70539cd Downloading 16.78MB
 c28013ce7862 Downloading 24.12MB
 d0143bbe2940 Downloading 20.97MB
 dd71dde834b5 Downloading 25.17MB
 5b5fe70539cd Downloading 16.78MB
 a94a80c1968d Downloading 45.09MB
 c28013ce7862 Downloading 25.17MB
 d0143bbe2940 Downloading 20.97MB
 dd71dde834b5 Downloading 25.17MB
 5b5fe70539cd Downloading 16.78MB
 a94a80c1968d Downloading 45.09MB
 d0143bbe2940 Downloading 20.97MB
 dd71dde834b5 Downloading 26.21MB
 c28013ce7862 Downloading 25.17MB
 5b5fe70539cd Downloading 16.78MB
 a94a80c1968d Downloading 46.14MB
 dd71dde834b5 Downloading 26.21MB
 c28013ce7862 Downloading 25.17MB
 d0143bbe2940 Downloading 22.02MB
 5b5fe70539cd Downloading 16.78MB
 a94a80c1968d Downloading 46.14MB
 c28013ce7862 Downloading 25.17MB
 d0143bbe2940 Downloading 22.02MB
 dd71dde834b5 Downloading 26.21MB
 5b5fe70539cd Downloading 17.83MB
 a94a80c1968d Downloading 46.14MB
 dd71dde834b5 Downloading 26.21MB
 c28013ce7862 Downloading 25.17MB
 d0143bbe2940 Downloading 22.02MB
 5b5fe70539cd Downloading 17.83MB
 a94a80c1968d Downloading 47.19MB
 c28013ce7862 Downloading 25.17MB
 d0143bbe2940 Downloading 22.02MB
 dd71dde834b5 Downloading 26.21MB
 5b5fe70539cd Downloading 17.83MB
 a94a80c1968d Downloading 47.19MB
 c28013ce7862 Downloading 26.21MB
 d0143bbe2940 Downloading 22.02MB
 dd71dde834b5 Downloading 26.21MB
 5b5fe70539cd Downloading 17.83MB
 a94a80c1968d Downloading 47.97MB
 dd71dde834b5 Downloading 27.26MB
 c28013ce7862 Downloading 26.21MB
 d0143bbe2940 Downloading 22.02MB
 5b5fe70539cd Downloading 17.83MB
 a94a80c1968d Download complete 0B
 dd71dde834b5 Downloading 27.26MB
 c28013ce7862 Downloading 26.21MB
 d0143bbe2940 Downloading 23.07MB
 5b5fe70539cd Downloading 17.83MB
 c28013ce7862 Downloading 26.21MB
 d0143bbe2940 Downloading 23.07MB
 dd71dde834b5 Downloading 27.26MB
 5b5fe70539cd Downloading 18.87MB
 c28013ce7862 Downloading 26.21MB
 d0143bbe2940 Downloading 23.07MB
 dd71dde834b5 Downloading 27.26MB
 5b5fe70539cd Downloading 18.87MB
 c28013ce7862 Downloading 27.26MB
 d0143bbe2940 Downloading 23.07MB
 dd71dde834b5 Downloading 27.26MB
 5b5fe70539cd Downloading 18.87MB
 c28013ce7862 Downloading 27.26MB
 d0143bbe2940 Downloading 23.07MB
 dd71dde834b5 Downloading 28.31MB
 5b5fe70539cd Downloading 18.87MB
 d0143bbe2940 Downloading 24.12MB
 dd71dde834b5 Downloading 28.31MB
 c28013ce7862 Downloading 27.26MB
 5b5fe70539cd Downloading 18.87MB
 dd71dde834b5 Downloading 28.31MB
 c28013ce7862 Downloading 27.26MB
 d0143bbe2940 Downloading 24.12MB
 5b5fe70539cd Downloading 19.92MB
 d0143bbe2940 Downloading 24.12MB
 dd71dde834b5 Downloading 28.31MB
 c28013ce7862 Downloading 28.31MB
 5b5fe70539cd Downloading 19.92MB
 c28013ce7862 Downloading 28.31MB
 d0143bbe2940 Downloading 24.12MB
 dd71dde834b5 Downloading 28.31MB
 5b5fe70539cd Downloading 19.92MB
 d0143bbe2940 Downloading 25.17MB
 dd71dde834b5 Downloading 29.36MB
 c28013ce7862 Downloading 28.31MB
 5b5fe70539cd Downloading 19.92MB
 c28013ce7862 Downloading 29.36MB
 d0143bbe2940 Downloading 25.17MB
 dd71dde834b5 Downloading 29.36MB
 5b5fe70539cd Downloading 20.97MB
 d0143bbe2940 Downloading 25.17MB
 dd71dde834b5 Downloading 29.36MB
 c28013ce7862 Downloading 29.36MB
 5b5fe70539cd Downloading 20.97MB
 dd71dde834b5 Downloading 29.36MB
 c28013ce7862 Downloading 29.36MB
 d0143bbe2940 Downloading 25.17MB
 5b5fe70539cd Downloading 20.97MB
 dd71dde834b5 Downloading 29.36MB
 c28013ce7862 Downloading 29.36MB
 d0143bbe2940 Downloading 25.17MB
 5b5fe70539cd Downloading 20.97MB
 c28013ce7862 Downloading 30.41MB
 d0143bbe2940 Downloading 26.21MB
 dd71dde834b5 Downloading 30.41MB
 5b5fe70539cd Downloading 20.97MB
 c28013ce7862 Downloading 30.41MB
 d0143bbe2940 Downloading 26.21MB
 dd71dde834b5 Downloading 30.41MB
 5b5fe70539cd Downloading 22.02MB
 d0143bbe2940 Downloading 26.21MB
 dd71dde834b5 Downloading 30.41MB
 c28013ce7862 Downloading 30.41MB
 5b5fe70539cd Downloading 22.02MB
 d0143bbe2940 Downloading 26.21MB
 dd71dde834b5 Downloading 30.41MB
 c28013ce7862 Downloading 30.41MB
 5b5fe70539cd Downloading 22.02MB
 dd71dde834b5 Downloading 31.46MB
 c28013ce7862 Downloading 31.46MB
 d0143bbe2940 Downloading 27.26MB
 5b5fe70539cd Downloading 22.02MB
 dd71dde834b5 Downloading 31.46MB
 c28013ce7862 Downloading 31.46MB
 d0143bbe2940 Downloading 27.26MB
 5b5fe70539cd Downloading 23.07MB
 c28013ce7862 Downloading 31.46MB
 d0143bbe2940 Downloading 27.26MB
 dd71dde834b5 Downloading 31.46MB
 5b5fe70539cd Downloading 23.07MB
 c28013ce7862 Downloading 32.51MB
 d0143bbe2940 Downloading 27.26MB
 dd71dde834b5 Downloading 31.46MB
 5b5fe70539cd Downloading 23.07MB
 c28013ce7862 Downloading 32.51MB
 d0143bbe2940 Downloading 28.31MB
 dd71dde834b5 Downloading 31.46MB
 5b5fe70539cd Downloading 23.07MB
 dd71dde834b5 Downloading 32.51MB
 c28013ce7862 Downloading 32.51MB
 d0143bbe2940 Downloading 28.31MB
 5b5fe70539cd Downloading 23.07MB
 dd71dde834b5 Downloading 32.51MB
 c28013ce7862 Downloading 32.51MB
 d0143bbe2940 Downloading 28.31MB
 5b5fe70539cd Downloading 24.12MB
 c28013ce7862 Downloading 33.55MB
 d0143bbe2940 Downloading 28.31MB
 dd71dde834b5 Downloading 32.51MB
 5b5fe70539cd Downloading 24.12MB
 dd71dde834b5 Downloading 32.51MB
 c28013ce7862 Downloading 33.55MB
 d0143bbe2940 Downloading 28.31MB
 5b5fe70539cd Downloading 24.12MB
 c28013ce7862 Downloading 33.55MB
 d0143bbe2940 Downloading 29.36MB
 dd71dde834b5 Downloading 33.55MB
 5b5fe70539cd Downloading 24.12MB
 dd71dde834b5 Downloading 33.55MB
 c28013ce7862 Downloading 33.55MB
 d0143bbe2940 Downloading 29.36MB
 5b5fe70539cd Downloading 24.12MB
 c28013ce7862 Downloading 34.6MB
 d0143bbe2940 Downloading 29.36MB
 dd71dde834b5 Downloading 33.55MB
 5b5fe70539cd Downloading 25.17MB
 dd71dde834b5 Downloading 33.55MB
 c28013ce7862 Downloading 34.6MB
 d0143bbe2940 Downloading 29.36MB
 5b5fe70539cd Downloading 25.17MB
 c28013ce7862 Downloading 34.6MB
 d0143bbe2940 Downloading 30.41MB
 dd71dde834b5 Downloading 33.55MB
 5b5fe70539cd Downloading 25.17MB
 c28013ce7862 Downloading 34.6MB
 d0143bbe2940 Downloading 30.41MB
 dd71dde834b5 Downloading 34.6MB
 5b5fe70539cd Downloading 25.17MB
 dd71dde834b5 Downloading 34.6MB
 c28013ce7862 Downloading 35.65MB
 d0143bbe2940 Downloading 30.41MB
 5b5fe70539cd Downloading 25.17MB
 d0143bbe2940 Downloading 30.41MB
 dd71dde834b5 Downloading 34.6MB
 c28013ce7862 Downloading 35.65MB
 5b5fe70539cd Downloading 26.21MB
 c28013ce7862 Downloading 35.65MB
 d0143bbe2940 Downloading 31.46MB
 dd71dde834b5 Downloading 34.6MB
 5b5fe70539cd Downloading 26.21MB
 c28013ce7862 Downloading 35.65MB
 d0143bbe2940 Downloading 31.46MB
 dd71dde834b5 Downloading 35.65MB
 5b5fe70539cd Downloading 26.21MB
 dd71dde834b5 Downloading 35.65MB
 c28013ce7862 Downloading 36.7MB
 d0143bbe2940 Downloading 31.46MB
 5b5fe70539cd Downloading 26.21MB
 c28013ce7862 Downloading 36.7MB
 d0143bbe2940 Downloading 31.46MB
 dd71dde834b5 Downloading 35.65MB
 5b5fe70539cd Downloading 27.26MB
 c28013ce7862 Downloading 36.7MB
 d0143bbe2940 Downloading 32.51MB
 dd71dde834b5 Downloading 35.65MB
 5b5fe70539cd Downloading 27.26MB
 dd71dde834b5 Downloading 36.7MB
 c28013ce7862 Downloading 36.7MB
 d0143bbe2940 Downloading 32.51MB
 5b5fe70539cd Downloading 27.26MB
 c28013ce7862 Downloading 37.75MB
 d0143bbe2940 Downloading 32.51MB
 dd71dde834b5 Downloading 36.7MB
 5b5fe70539cd Downloading 27.26MB
 d0143bbe2940 Downloading 32.51MB
 dd71dde834b5 Downloading 36.7MB
 c28013ce7862 Downloading 37.75MB
 5b5fe70539cd Downloading 27.26MB
 dd71dde834b5 Downloading 36.7MB
 c28013ce7862 Downloading 37.75MB
 d0143bbe2940 Downloading 33.55MB
 5b5fe70539cd Downloading 28.31MB
 c28013ce7862 Downloading 37.75MB
 d0143bbe2940 Downloading 33.55MB
 dd71dde834b5 Downloading 36.7MB
 5b5fe70539cd Downloading 28.31MB
 c28013ce7862 Downloading 38.8MB
 d0143bbe2940 Downloading 33.55MB
 dd71dde834b5 Downloading 37.75MB
 5b5fe70539cd Downloading 28.31MB
 c28013ce7862 Downloading 38.8MB
 d0143bbe2940 Downloading 33.55MB
 dd71dde834b5 Downloading 37.75MB
 5b5fe70539cd Downloading 28.31MB
 c28013ce7862 Downloading 38.8MB
 d0143bbe2940 Downloading 34.6MB
 dd71dde834b5 Downloading 37.75MB
 5b5fe70539cd Downloading 29.12MB
 c28013ce7862 Downloading 39.85MB
 d0143bbe2940 Downloading 34.6MB
 dd71dde834b5 Downloading 38.8MB
 5b5fe70539cd Download complete 0B
 5b5fe70539cd Extracting 1B
 dd71dde834b5 Downloading 38.8MB
 c28013ce7862 Downloading 39.85MB
 d0143bbe2940 Downloading 34.6MB
 5b5fe70539cd Extracting 1B
 dd71dde834b5 Downloading 38.8MB
 c28013ce7862 Downloading 39.85MB
 d0143bbe2940 Downloading 34.6MB
 5b5fe70539cd Extracting 1B
 c28013ce7862 Downloading 39.85MB
 d0143bbe2940 Downloading 35.65MB
 dd71dde834b5 Downloading 38.8MB
 5b5fe70539cd Extracting 1B
 dd71dde834b5 Downloading 40.01MB
 c28013ce7862 Downloading 40.89MB
 d0143bbe2940 Downloading 35.65MB
 5b5fe70539cd Extracting 1B
 c28013ce7862 Downloading 40.89MB
 d0143bbe2940 Downloading 36.7MB
 dd71dde834b5 Download complete 0B
 dd71dde834b5 Extracting 1B
 5b5fe70539cd Extracting 1B
 c28013ce7862 Downloading 41.94MB
 d0143bbe2940 Downloading 36.7MB
 dd71dde834b5 Extracting 1B
 5b5fe70539cd Extracting 1B
 c28013ce7862 Downloading 41.94MB
 d0143bbe2940 Downloading 37.75MB
 dd71dde834b5 Extracting 1B
 5b5fe70539cd Extracting 1B
 c28013ce7862 Downloading 41.94MB
 d0143bbe2940 Downloading 37.75MB
 dd71dde834b5 Extracting 1B
 5b5fe70539cd Extracting 1B
 c28013ce7862 Downloading 42.99MB
 d0143bbe2940 Downloading 38.8MB
 dd71dde834b5 Extracting 1B
 5b5fe70539cd Pull complete 0B
 c28013ce7862 Downloading 42.99MB
 d0143bbe2940 Downloading 38.8MB
 b6b4ba8b66ef Extracting 1B
 dd71dde834b5 Extracting 1B
 c28013ce7862 Downloading 44.04MB
 d0143bbe2940 Downloading 39.85MB
 dd71dde834b5 Extracting 1B
 c28013ce7862 Downloading 44.04MB
 d0143bbe2940 Downloading 39.85MB
 dd71dde834b5 Extracting 1B
 c28013ce7862 Downloading 45.09MB
 d0143bbe2940 Downloading 40.89MB
 b6b4ba8b66ef Pull complete 0B
 dd71dde834b5 Extracting 1B
 c28013ce7862 Downloading 45.09MB
 d0143bbe2940 Downloading 40.89MB
 dd71dde834b5 Extracting 1B
 c28013ce7862 Downloading 45.09MB
 d0143bbe2940 Downloading 41.94MB
 dd71dde834b5 Extracting 2B
 a94a80c1968d Extracting 1B
 d0143bbe2940 Downloading 41.94MB
 c28013ce7862 Downloading 46.14MB
 dd71dde834b5 Extracting 2B
 a94a80c1968d Extracting 1B
 c28013ce7862 Downloading 46.14MB
 d0143bbe2940 Downloading 42.99MB
 dd71dde834b5 Extracting 2B
 a94a80c1968d Extracting 1B
 c28013ce7862 Downloading 47.19MB
 d0143bbe2940 Downloading 42.99MB
 dd71dde834b5 Extracting 2B
 a94a80c1968d Extracting 1B
 c28013ce7862 Downloading 47.19MB
 d0143bbe2940 Downloading 44.04MB
 dd71dde834b5 Extracting 2B
 a94a80c1968d Extracting 1B
 c28013ce7862 Downloading 47.19MB
 d0143bbe2940 Downloading 44.04MB
 a94a80c1968d Extracting 1B
 dd71dde834b5 Extracting 2B
 c28013ce7862 Downloading 48.23MB
 d0143bbe2940 Downloading 45.09MB
 a94a80c1968d Extracting 1B
 dd71dde834b5 Extracting 2B
 c28013ce7862 Downloading 48.23MB
 d0143bbe2940 Downloading 45.09MB
 dd71dde834b5 Pull complete 0B
 a94a80c1968d Extracting 1B
 c28013ce7862 Downloading 49.28MB
 d0143bbe2940 Downloading 46.14MB
 1e5a4c89cee5 Extracting 1B
 a94a80c1968d Extracting 1B
 c28013ce7862 Downloading 49.28MB
 d0143bbe2940 Downloading 46.14MB
 25ff2da83641 Pull complete 0B
 1e5a4c89cee5 Pull complete 0B
 a94a80c1968d Extracting 1B
 c28013ce7862 Downloading 50.33MB
 d0143bbe2940 Downloading 47.19MB
 94dfa87d704c Extracting 1B
 a94a80c1968d Extracting 1B
 c28013ce7862 Downloading 50.33MB
 d0143bbe2940 Downloading 47.19MB
 a94a80c1968d Extracting 2B
 c28013ce7862 Downloading 51.38MB
 d0143bbe2940 Downloading 48.23MB
 a94a80c1968d Extracting 2B
 c28013ce7862 Downloading 51.38MB
 d0143bbe2940 Downloading 48.23MB
 a94a80c1968d Extracting 2B
 c28013ce7862 Downloading 51.38MB
 d0143bbe2940 Downloading 49.28MB
 94dfa87d704c Pull complete 0B
 a94a80c1968d Extracting 2B
 c28013ce7862 Downloading 52.43MB
 d0143bbe2940 Downloading 49.28MB
 a94a80c1968d Extracting 2B
 d0143bbe2940 Downloading 50.33MB
 c28013ce7862 Downloading 52.43MB
 a94a80c1968d Extracting 2B
 c28013ce7862 Downloading 53.48MB
 d0143bbe2940 Downloading 50.33MB
 a94a80c1968d Extracting 2B
 c28013ce7862 Downloading 53.48MB
 d0143bbe2940 Downloading 51.38MB
 a94a80c1968d Extracting 2B
 c28013ce7862 Downloading 54.53MB
 d0143bbe2940 Downloading 51.38MB
 a94a80c1968d Extracting 2B
 c28013ce7862 Downloading 54.53MB
 d0143bbe2940 Downloading 51.38MB
 a94a80c1968d Extracting 2B
 c28013ce7862 Downloading 55.57MB
 d0143bbe2940 Downloading 52.43MB
 a94a80c1968d Extracting 3B
 d0143bbe2940 Downloading 52.43MB
 c28013ce7862 Downloading 55.57MB
 a94a80c1968d Extracting 3B
 c28013ce7862 Downloading 56.62MB
 d0143bbe2940 Downloading 53.48MB
 a94a80c1968d Extracting 3B
 c28013ce7862 Downloading 56.62MB
 d0143bbe2940 Downloading 53.48MB
 a94a80c1968d Extracting 3B
 c28013ce7862 Downloading 56.62MB
 d0143bbe2940 Downloading 54.53MB
 a94a80c1968d Extracting 3B
 c28013ce7862 Downloading 57.67MB
 d0143bbe2940 Downloading 54.53MB
 18d96a48dd18 Extracting 1B
 a94a80c1968d Pull complete 0B
 c28013ce7862 Downloading 57.67MB
 d0143bbe2940 Downloading 55.57MB
 e64b1a602d1c Extracting 1B
 18d96a48dd18 Pull complete 0B
 d0143bbe2940 Downloading 55.57MB
 c28013ce7862 Downloading 58.72MB
 e64b1a602d1c Pull complete 0B
 5f692c7d3e30 Pull complete 0B
 80c0304abda6 Extracting 1B
 c28013ce7862 Downloading 58.72MB
 d0143bbe2940 Downloading 56.62MB
 80c0304abda6 Extracting 1B
 d0143bbe2940 Downloading 56.62MB
 c28013ce7862 Downloading 59.77MB
 80c0304abda6 Extracting 1B
 c28013ce7862 Downloading 59.77MB
 d0143bbe2940 Downloading 57.67MB
 80c0304abda6 Extracting 1B
 c28013ce7862 Downloading 60.82MB
 d0143bbe2940 Downloading 57.67MB
 80c0304abda6 Extracting 1B
 c28013ce7862 Downloading 60.82MB
 d0143bbe2940 Downloading 58.72MB
 80c0304abda6 Extracting 1B
 c28013ce7862 Downloading 61.87MB
 d0143bbe2940 Downloading 58.72MB
 80c0304abda6 Extracting 1B
 c28013ce7862 Downloading 61.87MB
 d0143bbe2940 Downloading 59.77MB
 80c0304abda6 Extracting 1B
 d0143bbe2940 Downloading 59.77MB
 c28013ce7862 Downloading 61.87MB
 80c0304abda6 Extracting 1B
 c28013ce7862 Downloading 61.87MB
 d0143bbe2940 Downloading 60.82MB
 80c0304abda6 Extracting 1B
 c28013ce7862 Downloading 61.87MB
 d0143bbe2940 Downloading 61.87MB
 80c0304abda6 Extracting 1B
 c28013ce7862 Downloading 62.91MB
 d0143bbe2940 Downloading 61.87MB
 80c0304abda6 Extracting 2B
 c28013ce7862 Downloading 62.91MB
 d0143bbe2940 Downloading 62.91MB
 c28013ce7862 Downloading 62.91MB
 d0143bbe2940 Downloading 62.91MB
 80c0304abda6 Pull complete 0B
 c28013ce7862 Downloading 63.96MB
 d0143bbe2940 Downloading 63.96MB
 c28013ce7862 Downloading 63.96MB
 d0143bbe2940 Downloading 65.01MB
 c28013ce7862 Downloading 63.96MB
 d0143bbe2940 Downloading 65.01MB
 dce0150271ad Extracting 1B
 c28013ce7862 Downloading 65.01MB
 d0143bbe2940 Downloading 66.06MB
 dce0150271ad Extracting 1B
 dce0150271ad Pull complete 0B
 Image trufflesuite/ganache:latest Pulled 
 c28013ce7862 Downloading 65.01MB
 d0143bbe2940 Downloading 66.06MB
 c28013ce7862 Downloading 65.01MB
 d0143bbe2940 Downloading 67.11MB
 c28013ce7862 Downloading 66.06MB
 d0143bbe2940 Downloading 67.11MB
 c28013ce7862 Downloading 66.06MB
 d0143bbe2940 Downloading 68.16MB
 c28013ce7862 Downloading 66.06MB
 d0143bbe2940 Downloading 69.21MB
 c28013ce7862 Downloading 67.11MB
 d0143bbe2940 Downloading 69.21MB
 c28013ce7862 Downloading 67.11MB
 d0143bbe2940 Downloading 70.25MB
 c28013ce7862 Downloading 68.16MB
 d0143bbe2940 Downloading 70.25MB
 c28013ce7862 Downloading 68.16MB
 d0143bbe2940 Downloading 71.3MB
 c28013ce7862 Downloading 68.16MB
 d0143bbe2940 Downloading 72.35MB
 c28013ce7862 Downloading 69.21MB
 d0143bbe2940 Downloading 72.35MB
 c28013ce7862 Downloading 69.21MB
 d0143bbe2940 Downloading 73.4MB
 c28013ce7862 Downloading 69.21MB
 d0143bbe2940 Downloading 73.4MB
 d0143bbe2940 Downloading 74.45MB
 c28013ce7862 Downloading 70.25MB
 c28013ce7862 Downloading 70.25MB
 d0143bbe2940 Downloading 74.45MB
 d0143bbe2940 Downloading 75.5MB
 c28013ce7862 Downloading 71.3MB
 c28013ce7862 Downloading 71.3MB
 d0143bbe2940 Downloading 75.5MB
 c28013ce7862 Downloading 71.3MB
 d0143bbe2940 Downloading 76.55MB
 c28013ce7862 Downloading 72.35MB
 d0143bbe2940 Downloading 76.55MB
 c28013ce7862 Downloading 72.35MB
 d0143bbe2940 Downloading 77.59MB
 c28013ce7862 Downloading 73.4MB
 d0143bbe2940 Downloading 77.59MB
 c28013ce7862 Downloading 73.4MB
 d0143bbe2940 Downloading 78.64MB
 d0143bbe2940 Downloading 78.64MB
 c28013ce7862 Downloading 74.45MB
 c28013ce7862 Downloading 74.45MB
 d0143bbe2940 Downloading 79.69MB
 c28013ce7862 Downloading 74.45MB
 d0143bbe2940 Downloading 79.69MB
 c28013ce7862 Downloading 75.5MB
 d0143bbe2940 Downloading 80.74MB
 d0143bbe2940 Downloading 80.74MB
 c28013ce7862 Downloading 75.5MB
 c28013ce7862 Downloading 76.55MB
 d0143bbe2940 Downloading 81.79MB
 c28013ce7862 Downloading 76.55MB
 d0143bbe2940 Downloading 81.79MB
 c28013ce7862 Downloading 77.59MB
 d0143bbe2940 Downloading 82.84MB
 c28013ce7862 Downloading 77.59MB
 d0143bbe2940 Downloading 82.84MB
 c28013ce7862 Downloading 78.64MB
 d0143bbe2940 Downloading 83.89MB
 c28013ce7862 Downloading 78.64MB
 d0143bbe2940 Downloading 83.89MB
 c28013ce7862 Downloading 78.64MB
 d0143bbe2940 Downloading 84.93MB
 c28013ce7862 Downloading 79.69MB
 d0143bbe2940 Downloading 84.93MB
 c28013ce7862 Downloading 79.69MB
 d0143bbe2940 Downloading 85.98MB
 c28013ce7862 Downloading 80.74MB
 d0143bbe2940 Downloading 85.98MB
 c28013ce7862 Downloading 80.74MB
 d0143bbe2940 Downloading 87.03MB
 c28013ce7862 Downloading 81.79MB
 d0143bbe2940 Downloading 87.03MB
 c28013ce7862 Downloading 81.79MB
 d0143bbe2940 Downloading 88.08MB
 c28013ce7862 Downloading 82.84MB
 d0143bbe2940 Downloading 88.08MB
 c28013ce7862 Downloading 82.84MB
 d0143bbe2940 Downloading 88.08MB
 d0143bbe2940 Downloading 89.13MB
 c28013ce7862 Downloading 83.89MB
 c28013ce7862 Downloading 83.89MB
 d0143bbe2940 Downloading 89.13MB
 c28013ce7862 Downloading 84.93MB
 d0143bbe2940 Downloading 90.18MB
 c28013ce7862 Downloading 84.93MB
 d0143bbe2940 Downloading 90.18MB
 c28013ce7862 Downloading 85.98MB
 d0143bbe2940 Downloading 91.23MB
 c28013ce7862 Downloading 85.98MB
 d0143bbe2940 Downloading 91.23MB
 c28013ce7862 Downloading 87.03MB
 d0143bbe2940 Downloading 91.23MB
 d0143bbe2940 Downloading 92.27MB
 c28013ce7862 Downloading 87.03MB
 c28013ce7862 Downloading 88.08MB
 d0143bbe2940 Downloading 92.27MB
 c28013ce7862 Downloading 88.08MB
 d0143bbe2940 Downloading 93.32MB
 c28013ce7862 Downloading 89.13MB
 d0143bbe2940 Downloading 93.32MB
 c28013ce7862 Downloading 89.13MB
 d0143bbe2940 Downloading 94.37MB
 c28013ce7862 Downloading 90.18MB
 d0143bbe2940 Downloading 94.37MB
 c28013ce7862 Downloading 90.18MB
 d0143bbe2940 Downloading 95.42MB
 c28013ce7862 Downloading 91.23MB
 d0143bbe2940 Downloading 95.42MB
 c28013ce7862 Downloading 91.23MB
 d0143bbe2940 Downloading 95.42MB
 c28013ce7862 Downloading 92.27MB
 d0143bbe2940 Downloading 96.47MB
 c28013ce7862 Downloading 92.27MB
 d0143bbe2940 Downloading 96.47MB
 c28013ce7862 Downloading 93.32MB
 d0143bbe2940 Downloading 97.52MB
 c28013ce7862 Downloading 93.32MB
 d0143bbe2940 Downloading 97.52MB
 d0143bbe2940 Downloading 98.57MB
 c28013ce7862 Downloading 94.37MB
 c28013ce7862 Downloading 94.37MB
 d0143bbe2940 Downloading 98.57MB
 c28013ce7862 Downloading 95.42MB
 d0143bbe2940 Download complete 0B
 d0143bbe2940 Extracting 1B
 c28013ce7862 Downloading 96.47MB
 d0143bbe2940 Extracting 1B
 c28013ce7862 Downloading 96.47MB
 d0143bbe2940 Extracting 1B
 c28013ce7862 Downloading 97.52MB
 d0143bbe2940 Extracting 1B
 c28013ce7862 Downloading 98.57MB
 d0143bbe2940 Extracting 1B
 c28013ce7862 Downloading 99.61MB
 d0143bbe2940 Extracting 1B
 c28013ce7862 Downloading 100.7MB
 d0143bbe2940 Extracting 1B
 c28013ce7862 Downloading 101.7MB
 d0143bbe2940 Extracting 1B
 c28013ce7862 Downloading 102.8MB
 d0143bbe2940 Extracting 1B
 c28013ce7862 Downloading 103.8MB
 d0143bbe2940 Extracting 1B
 c28013ce7862 Downloading 103.8MB
 d0143bbe2940 Extracting 2B
 c28013ce7862 Downloading 104.9MB
 d0143bbe2940 Extracting 2B
 c28013ce7862 Downloading 105.9MB
 d0143bbe2940 Extracting 2B
 c28013ce7862 Downloading 107MB
 d0143bbe2940 Extracting 2B
 c28013ce7862 Downloading 108MB
 d0143bbe2940 Extracting 2B
 c28013ce7862 Downloading 109.1MB
 d0143bbe2940 Extracting 2B
 c28013ce7862 Downloading 110.1MB
 d0143bbe2940 Extracting 2B
 c28013ce7862 Downloading 111.1MB
 d0143bbe2940 Extracting 2B
 c28013ce7862 Downloading 112.2MB
 d0143bbe2940 Extracting 2B
 c28013ce7862 Downloading 113.2MB
 d0143bbe2940 Extracting 2B
 c28013ce7862 Downloading 114.3MB
 d0143bbe2940 Extracting 3B
 c28013ce7862 Downloading 115.3MB
 d0143bbe2940 Extracting 3B
 c28013ce7862 Downloading 116.4MB
 d0143bbe2940 Extracting 3B
 c28013ce7862 Downloading 117.4MB
 d0143bbe2940 Extracting 3B
 c28013ce7862 Downloading 118.5MB
 45f596f5db79 Extracting 1B
 d0143bbe2940 Pull complete 0B
 c28013ce7862 Downloading 118.5MB
 45f596f5db79 Pull complete 0B
 c28013ce7862 Downloading 119.5MB
 c28013ce7862 Downloading 120.6MB
 c28013ce7862 Downloading 121.6MB
 c28013ce7862 Downloading 122.7MB
 c28013ce7862 Downloading 123.7MB
 c28013ce7862 Downloading 124.8MB
 c28013ce7862 Downloading 125.8MB
 c28013ce7862 Downloading 126.9MB
 c28013ce7862 Downloading 127.9MB
 c28013ce7862 Downloading 129MB
 c28013ce7862 Downloading 130MB
 c28013ce7862 Downloading 131.1MB
 c28013ce7862 Downloading 132.1MB
 c28013ce7862 Downloading 133.2MB
 c28013ce7862 Downloading 134.2MB
 c28013ce7862 Downloading 134.2MB
 c28013ce7862 Downloading 135.3MB
 c28013ce7862 Downloading 136.3MB
 c28013ce7862 Downloading 137.4MB
 c28013ce7862 Downloading 138.4MB
 c28013ce7862 Downloading 139.5MB
 c28013ce7862 Downloading 140.5MB
 c28013ce7862 Downloading 141.6MB
 c28013ce7862 Downloading 142.6MB
 c28013ce7862 Downloading 143.7MB
 c28013ce7862 Downloading 144.7MB
 c28013ce7862 Downloading 145.8MB
 c28013ce7862 Downloading 146.8MB
 c28013ce7862 Downloading 147.8MB
 c28013ce7862 Downloading 148.9MB
 c28013ce7862 Downloading 149.9MB
 c28013ce7862 Downloading 149.9MB
 c28013ce7862 Downloading 151MB
 c28013ce7862 Downloading 152MB
 c28013ce7862 Downloading 153.1MB
 c28013ce7862 Downloading 154.1MB
 c28013ce7862 Downloading 155.2MB
 c28013ce7862 Downloading 156.2MB
 c28013ce7862 Downloading 157.3MB
 c28013ce7862 Downloading 158.3MB
 c28013ce7862 Downloading 159.4MB
 c28013ce7862 Downloading 160.4MB
 c28013ce7862 Downloading 161.5MB
 c28013ce7862 Downloading 162.5MB
 c28013ce7862 Downloading 163.6MB
 c28013ce7862 Downloading 164.6MB
 c28013ce7862 Downloading 164.6MB
 c28013ce7862 Downloading 165.7MB
 c28013ce7862 Downloading 166.7MB
 c28013ce7862 Downloading 167.8MB
 c28013ce7862 Downloading 168.8MB
 c28013ce7862 Downloading 169.9MB
 c28013ce7862 Downloading 170.9MB
 c28013ce7862 Downloading 172MB
 c28013ce7862 Downloading 173MB
 c28013ce7862 Downloading 174.1MB
 c28013ce7862 Downloading 175.1MB
 c28013ce7862 Downloading 176.2MB
 c28013ce7862 Downloading 177.2MB
 c28013ce7862 Downloading 177.2MB
 c28013ce7862 Downloading 179.3MB
 c28013ce7862 Downloading 179.3MB
 c28013ce7862 Downloading 180.4MB
 c28013ce7862 Downloading 181.4MB
 c28013ce7862 Downloading 182.5MB
 c28013ce7862 Downloading 183.5MB
 c28013ce7862 Downloading 184.5MB
 c28013ce7862 Downloading 185.6MB
 c28013ce7862 Downloading 186.6MB
 c28013ce7862 Downloading 187.7MB
 c28013ce7862 Downloading 188.7MB
 c28013ce7862 Downloading 189.8MB
 c28013ce7862 Downloading 189.8MB
 c28013ce7862 Downloading 189.8MB
 c28013ce7862 Downloading 190.8MB
 c28013ce7862 Downloading 190.8MB
 c28013ce7862 Downloading 191.9MB
 c28013ce7862 Downloading 192.9MB
 c28013ce7862 Downloading 194MB
 c28013ce7862 Downloading 195MB
 c28013ce7862 Downloading 196.1MB
 c28013ce7862 Downloading 197.1MB
 c28013ce7862 Downloading 198.2MB
 c28013ce7862 Downloading 199.2MB
 c28013ce7862 Downloading 200.3MB
 c28013ce7862 Downloading 201.3MB
 c28013ce7862 Downloading 202.4MB
 c28013ce7862 Downloading 203.4MB
 c28013ce7862 Downloading 204.5MB
 c28013ce7862 Downloading 205.5MB
 c28013ce7862 Downloading 205.5MB
 c28013ce7862 Downloading 206.6MB
 c28013ce7862 Downloading 207.6MB
 c28013ce7862 Downloading 208.7MB
 c28013ce7862 Downloading 209.7MB
 c28013ce7862 Downloading 210.8MB
 c28013ce7862 Downloading 211.8MB
 c28013ce7862 Downloading 212.9MB
 c28013ce7862 Downloading 213.9MB
 c28013ce7862 Downloading 215MB
 c28013ce7862 Downloading 216MB
 c28013ce7862 Downloading 217.1MB
 c28013ce7862 Downloading 218.1MB
 c28013ce7862 Downloading 219.2MB
 c28013ce7862 Downloading 220.2MB
 c28013ce7862 Downloading 221.2MB
 c28013ce7862 Downloading 221.2MB
 c28013ce7862 Downloading 222.3MB
 c28013ce7862 Downloading 223.3MB
 c28013ce7862 Downloading 224.4MB
 c28013ce7862 Downloading 225.4MB
 c28013ce7862 Downloading 226.5MB
 c28013ce7862 Downloading 227.5MB
 c28013ce7862 Downloading 228.6MB
 c28013ce7862 Downloading 229.6MB
 c28013ce7862 Downloading 230.7MB
 c28013ce7862 Downloading 231.7MB
 c28013ce7862 Downloading 232.8MB
 c28013ce7862 Downloading 233.8MB
 c28013ce7862 Downloading 234.9MB
 c28013ce7862 Downloading 234.9MB
 c28013ce7862 Downloading 235.9MB
 c28013ce7862 Downloading 237MB
 c28013ce7862 Downloading 238MB
 c28013ce7862 Downloading 239.1MB
 c28013ce7862 Downloading 240.1MB
 c28013ce7862 Downloading 241.2MB
 c28013ce7862 Downloading 242.2MB
 c28013ce7862 Downloading 243.3MB
 c28013ce7862 Downloading 244.3MB
 c28013ce7862 Downloading 245.4MB
 c28013ce7862 Downloading 246.4MB
 c28013ce7862 Downloading 247.5MB
 c28013ce7862 Downloading 248.5MB
 c28013ce7862 Downloading 249.6MB
 c28013ce7862 Downloading 250.6MB
 c28013ce7862 Downloading 250.6MB
 c28013ce7862 Downloading 251.7MB
 c28013ce7862 Downloading 252.7MB
 c28013ce7862 Downloading 253.8MB
 c28013ce7862 Downloading 254.8MB
 c28013ce7862 Downloading 255.9MB
 c28013ce7862 Downloading 256.9MB
 c28013ce7862 Downloading 257.9MB
 c28013ce7862 Downloading 259MB
 c28013ce7862 Downloading 260MB
 c28013ce7862 Downloading 261.1MB
 c28013ce7862 Downloading 262.1MB
 c28013ce7862 Downloading 263.2MB
 c28013ce7862 Downloading 264.2MB
 c28013ce7862 Downloading 265.3MB
 c28013ce7862 Downloading 266.3MB
 c28013ce7862 Downloading 266.3MB
 c28013ce7862 Downloading 267.4MB
 c28013ce7862 Downloading 268.4MB
 c28013ce7862 Downloading 269.5MB
 c28013ce7862 Downloading 270.5MB
 c28013ce7862 Downloading 271.6MB
 c28013ce7862 Downloading 272.6MB
 c28013ce7862 Downloading 273.7MB
 c28013ce7862 Downloading 274.7MB
 c28013ce7862 Downloading 275.8MB
 c28013ce7862 Downloading 276.8MB
 c28013ce7862 Downloading 277.9MB
 c28013ce7862 Downloading 278.9MB
 c28013ce7862 Downloading 280MB
 c28013ce7862 Downloading 281MB
 c28013ce7862 Downloading 281MB
 c28013ce7862 Downloading 282.1MB
 c28013ce7862 Downloading 283.1MB
 c28013ce7862 Downloading 284.2MB
 c28013ce7862 Downloading 285.2MB
 c28013ce7862 Downloading 286.3MB
 c28013ce7862 Downloading 286.3MB
 c28013ce7862 Downloading 286.3MB
 c28013ce7862 Downloading 287.3MB
 c28013ce7862 Downloading 288.4MB
 c28013ce7862 Downloading 288.7MB
 c28013ce7862 Downloading 288.7MB
 c28013ce7862 Downloading 288.7MB
 c28013ce7862 Downloading 288.7MB
 c28013ce7862 Download complete 0B
 c28013ce7862 Extracting 1B
 c28013ce7862 Extracting 1B
 c28013ce7862 Extracting 1B
 c28013ce7862 Extracting 1B
 c28013ce7862 Extracting 1B
 c28013ce7862 Extracting 1B
 c28013ce7862 Extracting 1B
 c28013ce7862 Extracting 1B
 c28013ce7862 Extracting 1B
 c28013ce7862 Extracting 1B
 c28013ce7862 Extracting 1B
 c28013ce7862 Extracting 2B
 c28013ce7862 Extracting 2B
 c28013ce7862 Extracting 2B
 c28013ce7862 Extracting 2B
 c28013ce7862 Extracting 2B
 c28013ce7862 Extracting 2B
 c28013ce7862 Extracting 2B
 c28013ce7862 Extracting 2B
 c28013ce7862 Extracting 2B
 c28013ce7862 Extracting 3B
 c28013ce7862 Extracting 3B
 c28013ce7862 Extracting 3B
 c28013ce7862 Extracting 3B
 c28013ce7862 Extracting 3B
 c28013ce7862 Extracting 3B
 c28013ce7862 Extracting 3B
 c28013ce7862 Extracting 3B
 c28013ce7862 Extracting 3B
 c28013ce7862 Extracting 3B
 c28013ce7862 Extracting 3B
 c28013ce7862 Extracting 4B
 c28013ce7862 Extracting 4B
 c28013ce7862 Extracting 4B
 c28013ce7862 Extracting 4B
 c28013ce7862 Extracting 4B
 c28013ce7862 Extracting 4B
 c28013ce7862 Extracting 4B
 c28013ce7862 Extracting 4B
 c28013ce7862 Extracting 4B
 c28013ce7862 Extracting 4B
 c28013ce7862 Extracting 5B
 c28013ce7862 Extracting 5B
 c28013ce7862 Extracting 5B
 c28013ce7862 Extracting 5B
 c28013ce7862 Extracting 5B
 c28013ce7862 Extracting 5B
 c28013ce7862 Extracting 5B
 c28013ce7862 Extracting 5B
 c28013ce7862 Extracting 5B
 c28013ce7862 Extracting 5B
 c28013ce7862 Extracting 6B
 c28013ce7862 Extracting 6B
 c28013ce7862 Extracting 6B
 c28013ce7862 Extracting 6B
 449ae9028303 Pull complete 0B
 189594475858 Pull complete 0B
 c28013ce7862 Pull complete 0B
 603911942889 Extracting 1B
 603911942889 Pull complete 0B
 4f4fb700ef54 Pull complete 0B
 Image elguala96/signaling-contract-deployer:v1.0.2 Pulled 
 Image ermesdart-peer-bob Building 
 Image ermesdart-peer-alice Building 
 Image ermesdart-peer-charlie Building 
 Image ermesdart-peer-dave Building 
#1 [internal] load local bake definitions
#1 reading from stdin 2.17kB 0.0s done
#1 DONE 0.0s

#2 [peer-dave internal] load build definition from Dockerfile.peer
#2 transferring dockerfile: 1.62kB done
#2 DONE 0.1s

#3 [auth] library/debian:pull token for registry-1.docker.io
#3 DONE 0.0s

#4 [peer-alice internal] load metadata for docker.io/library/dart:stable
#4 ...

#5 [peer-alice internal] load metadata for docker.io/library/debian:bookworm-slim
#5 DONE 1.4s

#4 [peer-alice internal] load metadata for docker.io/library/dart:stable
#4 ...

#6 [auth] library/dart:pull token for registry-1.docker.io
#6 DONE 0.0s

#4 [peer-alice internal] load metadata for docker.io/library/dart:stable
#4 DONE 7.4s

#7 [peer-charlie internal] load .dockerignore
#7 transferring context: 2B done
#7 DONE 0.1s

#8 [peer-alice internal] load build context
#8 DONE 0.0s

#9 [peer-bob builder  1/16] FROM docker.io/library/dart:stable@sha256:9c3e4eb8613c85a3089520054257f43e1bcf4d3752359abb6af32d18898d9b45
#9 resolve docker.io/library/dart:stable@sha256:9c3e4eb8613c85a3089520054257f43e1bcf4d3752359abb6af32d18898d9b45 0.1s done
#9 DONE 0.1s

#10 [peer-alice stage-1 1/6] FROM docker.io/library/debian:bookworm-slim@sha256:4724b8cc51e33e398f0e2e15e18d5ec2851ff0c2280647e1310bc1642182655d
#10 resolve docker.io/library/debian:bookworm-slim@sha256:4724b8cc51e33e398f0e2e15e18d5ec2851ff0c2280647e1310bc1642182655d
#10 resolve docker.io/library/debian:bookworm-slim@sha256:4724b8cc51e33e398f0e2e15e18d5ec2851ff0c2280647e1310bc1642182655d 0.1s done
#10 DONE 0.3s

#9 [peer-charlie builder  1/16] FROM docker.io/library/dart:stable@sha256:9c3e4eb8613c85a3089520054257f43e1bcf4d3752359abb6af32d18898d9b45
#9 resolve docker.io/library/dart:stable@sha256:9c3e4eb8613c85a3089520054257f43e1bcf4d3752359abb6af32d18898d9b45 0.1s done
#9 sha256:57b264cec67d69dc9487adea9cdac3db1459af754dbca9e2499740773022023f 0B / 232.94MB 0.2s
#9 sha256:b6ac5d50df0599b525e2c74915317ad0e622913b7d850fb5d0d0cb5803f2a1da 0B / 1.87MB 0.2s
#9 sha256:ee45d08a82bb9e339f74046992d1e7d83b895b1594208d440acc5feccf50f0af 0B / 45.47MB 0.2s
#9 sha256:b6ac5d50df0599b525e2c74915317ad0e622913b7d850fb5d0d0cb5803f2a1da 1.05MB / 1.87MB 2.2s
#9 sha256:b6ac5d50df0599b525e2c74915317ad0e622913b7d850fb5d0d0cb5803f2a1da 1.87MB / 1.87MB 2.8s done
#9 sha256:ee45d08a82bb9e339f74046992d1e7d83b895b1594208d440acc5feccf50f0af 3.15MB / 45.47MB 2.8s
#9 sha256:5435b2dcdf5cb7faa0d5b1d4d54be2c72a776fab9a605336f5067d6e9ecb5976 0B / 29.78MB 0.2s
#9 sha256:ee45d08a82bb9e339f74046992d1e7d83b895b1594208d440acc5feccf50f0af 6.29MB / 45.47MB 3.6s
#9 sha256:ee45d08a82bb9e339f74046992d1e7d83b895b1594208d440acc5feccf50f0af 9.44MB / 45.47MB 4.3s
#9 sha256:5435b2dcdf5cb7faa0d5b1d4d54be2c72a776fab9a605336f5067d6e9ecb5976 2.10MB / 29.78MB 2.1s
#9 sha256:57b264cec67d69dc9487adea9cdac3db1459af754dbca9e2499740773022023f 5.24MB / 232.94MB 5.2s
#9 sha256:ee45d08a82bb9e339f74046992d1e7d83b895b1594208d440acc5feccf50f0af 12.58MB / 45.47MB 5.2s
#9 sha256:ee45d08a82bb9e339f74046992d1e7d83b895b1594208d440acc5feccf50f0af 15.73MB / 45.47MB 5.9s
#9 sha256:5435b2dcdf5cb7faa0d5b1d4d54be2c72a776fab9a605336f5067d6e9ecb5976 4.19MB / 29.78MB 3.5s
#9 sha256:ee45d08a82bb9e339f74046992d1e7d83b895b1594208d440acc5feccf50f0af 18.87MB / 45.47MB 6.7s
#9 sha256:5435b2dcdf5cb7faa0d5b1d4d54be2c72a776fab9a605336f5067d6e9ecb5976 6.29MB / 29.78MB 4.7s
#9 sha256:ee45d08a82bb9e339f74046992d1e7d83b895b1594208d440acc5feccf50f0af 22.02MB / 45.47MB 7.6s
#9 sha256:ee45d08a82bb9e339f74046992d1e7d83b895b1594208d440acc5feccf50f0af 25.17MB / 45.47MB 8.3s
#9 sha256:5435b2dcdf5cb7faa0d5b1d4d54be2c72a776fab9a605336f5067d6e9ecb5976 8.39MB / 29.78MB 5.9s
#9 sha256:ee45d08a82bb9e339f74046992d1e7d83b895b1594208d440acc5feccf50f0af 28.31MB / 45.47MB 9.1s
#9 sha256:5435b2dcdf5cb7faa0d5b1d4d54be2c72a776fab9a605336f5067d6e9ecb5976 10.49MB / 29.78MB 6.9s
#9 sha256:ee45d08a82bb9e339f74046992d1e7d83b895b1594208d440acc5feccf50f0af 31.46MB / 45.47MB 9.9s
#9 ...

#8 [peer-charlie internal] load build context
#8 transferring context: 126.30MB 10.5s
#8 ...

#10 [peer-charlie stage-1 1/6] FROM docker.io/library/debian:bookworm-slim@sha256:4724b8cc51e33e398f0e2e15e18d5ec2851ff0c2280647e1310bc1642182655d
#10 sha256:da539b6761059a0a114c6671f1267b57445e3a54da023db5c28be019e40f0284 27.26MB / 28.24MB 10.6s
#10 ...

#9 [peer-alice builder  1/16] FROM docker.io/library/dart:stable@sha256:9c3e4eb8613c85a3089520054257f43e1bcf4d3752359abb6af32d18898d9b45
#9 sha256:57b264cec67d69dc9487adea9cdac3db1459af754dbca9e2499740773022023f 14.68MB / 232.94MB 10.4s
#9 sha256:ee45d08a82bb9e339f74046992d1e7d83b895b1594208d440acc5feccf50f0af 34.60MB / 45.47MB 10.6s
#9 sha256:5435b2dcdf5cb7faa0d5b1d4d54be2c72a776fab9a605336f5067d6e9ecb5976 12.58MB / 29.78MB 8.0s
#9 sha256:ee45d08a82bb9e339f74046992d1e7d83b895b1594208d440acc5feccf50f0af 37.75MB / 45.47MB 11.0s
#9 sha256:ee45d08a82bb9e339f74046992d1e7d83b895b1594208d440acc5feccf50f0af 40.89MB / 45.47MB 11.6s
#9 sha256:5435b2dcdf5cb7faa0d5b1d4d54be2c72a776fab9a605336f5067d6e9ecb5976 14.68MB / 29.78MB 9.2s
#9 sha256:ee45d08a82bb9e339f74046992d1e7d83b895b1594208d440acc5feccf50f0af 45.09MB / 45.47MB 12.3s
#9 ...

#10 [peer-bob stage-1 1/6] FROM docker.io/library/debian:bookworm-slim@sha256:4724b8cc51e33e398f0e2e15e18d5ec2851ff0c2280647e1310bc1642182655d
#10 sha256:da539b6761059a0a114c6671f1267b57445e3a54da023db5c28be019e40f0284 28.24MB / 28.24MB 10.8s done
#10 extracting sha256:da539b6761059a0a114c6671f1267b57445e3a54da023db5c28be019e40f0284 2.2s done
#10 DONE 13.4s

#9 [peer-alice builder  1/16] FROM docker.io/library/dart:stable@sha256:9c3e4eb8613c85a3089520054257f43e1bcf4d3752359abb6af32d18898d9b45
#9 sha256:ee45d08a82bb9e339f74046992d1e7d83b895b1594208d440acc5feccf50f0af 45.47MB / 45.47MB 12.7s done
#9 sha256:5435b2dcdf5cb7faa0d5b1d4d54be2c72a776fab9a605336f5067d6e9ecb5976 16.78MB / 29.78MB 10.1s
#9 sha256:5435b2dcdf5cb7faa0d5b1d4d54be2c72a776fab9a605336f5067d6e9ecb5976 18.87MB / 29.78MB 10.5s
#9 sha256:5435b2dcdf5cb7faa0d5b1d4d54be2c72a776fab9a605336f5067d6e9ecb5976 20.97MB / 29.78MB 11.0s
#9 sha256:57b264cec67d69dc9487adea9cdac3db1459af754dbca9e2499740773022023f 27.26MB / 232.94MB 14.0s
#9 sha256:5435b2dcdf5cb7faa0d5b1d4d54be2c72a776fab9a605336f5067d6e9ecb5976 23.07MB / 29.78MB 11.6s
#9 sha256:5435b2dcdf5cb7faa0d5b1d4d54be2c72a776fab9a605336f5067d6e9ecb5976 25.17MB / 29.78MB 12.2s
#9 sha256:5435b2dcdf5cb7faa0d5b1d4d54be2c72a776fab9a605336f5067d6e9ecb5976 27.26MB / 29.78MB 13.1s
#9 sha256:5435b2dcdf5cb7faa0d5b1d4d54be2c72a776fab9a605336f5067d6e9ecb5976 29.36MB / 29.78MB 14.1s
#9 sha256:57b264cec67d69dc9487adea9cdac3db1459af754dbca9e2499740773022023f 39.85MB / 232.94MB 17.2s
#9 sha256:5435b2dcdf5cb7faa0d5b1d4d54be2c72a776fab9a605336f5067d6e9ecb5976 29.78MB / 29.78MB 14.4s done
#9 extracting sha256:5435b2dcdf5cb7faa0d5b1d4d54be2c72a776fab9a605336f5067d6e9ecb5976
#9 sha256:57b264cec67d69dc9487adea9cdac3db1459af754dbca9e2499740773022023f 52.43MB / 232.94MB 19.2s
#9 ...

#8 [peer-charlie internal] load build context
#8 transferring context: 198.34MB 20.4s
#8 ...

#9 [peer-alice builder  1/16] FROM docker.io/library/dart:stable@sha256:9c3e4eb8613c85a3089520054257f43e1bcf4d3752359abb6af32d18898d9b45
#9 sha256:57b264cec67d69dc9487adea9cdac3db1459af754dbca9e2499740773022023f 65.01MB / 232.94MB 20.6s
#9 extracting sha256:5435b2dcdf5cb7faa0d5b1d4d54be2c72a776fab9a605336f5067d6e9ecb5976 3.4s done
#9 extracting sha256:ee45d08a82bb9e339f74046992d1e7d83b895b1594208d440acc5feccf50f0af
#9 sha256:57b264cec67d69dc9487adea9cdac3db1459af754dbca9e2499740773022023f 77.59MB / 232.94MB 22.1s
#9 ...

#11 [peer-charlie stage-1 2/6] RUN apt-get update && apt-get install -y ca-certificates iproute2 && rm -rf /var/lib/apt/lists/*
#11 0.907 Get:1 http://deb.debian.org/debian bookworm InRelease [151 kB]
#11 1.118 Get:2 http://deb.debian.org/debian bookworm-updates InRelease [55.4 kB]
#11 1.214 Get:3 http://deb.debian.org/debian-security bookworm-security InRelease [48.0 kB]
#11 1.567 Get:4 http://deb.debian.org/debian bookworm/main amd64 Packages [8792 kB]
#11 3.678 Get:5 http://deb.debian.org/debian bookworm-updates/main amd64 Packages [6924 B]
#11 3.766 Get:6 http://deb.debian.org/debian-security bookworm-security/main amd64 Packages [294 kB]
#11 ...

#9 [peer-alice builder  1/16] FROM docker.io/library/dart:stable@sha256:9c3e4eb8613c85a3089520054257f43e1bcf4d3752359abb6af32d18898d9b45
#9 sha256:57b264cec67d69dc9487adea9cdac3db1459af754dbca9e2499740773022023f 91.23MB / 232.94MB 23.6s
#9 extracting sha256:ee45d08a82bb9e339f74046992d1e7d83b895b1594208d440acc5feccf50f0af 3.8s done
#9 extracting sha256:ee45d08a82bb9e339f74046992d1e7d83b895b1594208d440acc5feccf50f0af 3.8s done
#9 extracting sha256:b6ac5d50df0599b525e2c74915317ad0e622913b7d850fb5d0d0cb5803f2a1da
#9 ...

#8 [peer-alice internal] load build context
#8 transferring context: 233.86MB 24.9s done
#8 DONE 25.1s

#9 [peer-alice builder  1/16] FROM docker.io/library/dart:stable@sha256:9c3e4eb8613c85a3089520054257f43e1bcf4d3752359abb6af32d18898d9b45
#9 extracting sha256:b6ac5d50df0599b525e2c74915317ad0e622913b7d850fb5d0d0cb5803f2a1da 0.3s done
#9 extracting sha256:4f4fb700ef54461cfa02571ae0db9a0dc1e0cdb5577484a6d75e68dc38e8acc1 0.1s done
#9 extracting sha256:4f4fb700ef54461cfa02571ae0db9a0dc1e0cdb5577484a6d75e68dc38e8acc1 0.1s done
#9 sha256:57b264cec67d69dc9487adea9cdac3db1459af754dbca9e2499740773022023f 103.81MB / 232.94MB 25.1s
#9 sha256:57b264cec67d69dc9487adea9cdac3db1459af754dbca9e2499740773022023f 117.44MB / 232.94MB 26.3s
#9 sha256:57b264cec67d69dc9487adea9cdac3db1459af754dbca9e2499740773022023f 131.07MB / 232.94MB 28.0s
#9 sha256:57b264cec67d69dc9487adea9cdac3db1459af754dbca9e2499740773022023f 143.65MB / 232.94MB 29.8s
#9 sha256:57b264cec67d69dc9487adea9cdac3db1459af754dbca9e2499740773022023f 157.29MB / 232.94MB 32.8s
#9 ...

#11 [peer-charlie stage-1 2/6] RUN apt-get update && apt-get install -y ca-certificates iproute2 && rm -rf /var/lib/apt/lists/*
#11 10.33 Fetched 9347 kB in 10s (972 kB/s)
#11 10.33 Reading package lists...
#11 13.28 Reading package lists...
#11 14.73 Building dependency tree...
#11 15.06 Reading state information...
#11 15.25 The following additional packages will be installed:
#11 15.25   krb5-locales libatm1 libbpf1 libbsd0 libcap2-bin libelf1 libgssapi-krb5-2
#11 15.25   libk5crypto3 libkeyutils1 libkrb5-3 libkrb5support0 libmnl0 libpam-cap
#11 15.25   libssl3 libtirpc-common libtirpc3 libxtables12 openssl
#11 15.26 Suggested packages:
#11 15.26   iproute2-doc python3:any krb5-doc krb5-user
#11 15.36 The following NEW packages will be installed:
#11 15.36   ca-certificates iproute2 krb5-locales libatm1 libbpf1 libbsd0 libcap2-bin
#11 15.36   libelf1 libgssapi-krb5-2 libk5crypto3 libkeyutils1 libkrb5-3 libkrb5support0
#11 15.37   libmnl0 libpam-cap libssl3 libtirpc-common libtirpc3 libxtables12 openssl
#11 15.62 0 upgraded, 20 newly installed, 0 to remove and 0 not upgraded.
#11 15.62 Need to get 6020 kB of archives.
#11 15.62 After this operation, 17.2 MB of additional disk space will be used.
#11 15.62 Get:1 http://deb.debian.org/debian bookworm/main amd64 libelf1 amd64 0.188-2.1 [174 kB]
#11 16.42 Get:2 http://deb.debian.org/debian bookworm/main amd64 libbpf1 amd64 1:1.1.2-0+deb12u1 [145 kB]
#11 16.61 Get:3 http://deb.debian.org/debian bookworm/main amd64 libbsd0 amd64 0.11.7-2 [117 kB]
#11 16.77 Get:4 http://deb.debian.org/debian bookworm/main amd64 libmnl0 amd64 1.0.4-3 [12.5 kB]
#11 16.80 Get:5 http://deb.debian.org/debian bookworm/main amd64 libkrb5support0 amd64 1.20.1-2+deb12u4 [33.2 kB]
#11 16.85 Get:6 http://deb.debian.org/debian bookworm/main amd64 libk5crypto3 amd64 1.20.1-2+deb12u4 [79.8 kB]
#11 16.96 Get:7 http://deb.debian.org/debian bookworm/main amd64 libkeyutils1 amd64 1.6.3-2 [8808 B]
#11 17.06 Get:8 http://deb.debian.org/debian-security bookworm-security/main amd64 libssl3 amd64 3.0.19-1~deb12u2 [2032 kB]
#11 17.95 Get:9 http://deb.debian.org/debian bookworm/main amd64 libkrb5-3 amd64 1.20.1-2+deb12u4 [334 kB]
#11 18.09 Get:10 http://deb.debian.org/debian bookworm/main amd64 libgssapi-krb5-2 amd64 1.20.1-2+deb12u4 [135 kB]
#11 18.16 Get:11 http://deb.debian.org/debian bookworm/main amd64 libtirpc-common all 1.3.3+ds-1 [14.0 kB]
#11 18.16 Get:12 http://deb.debian.org/debian bookworm/main amd64 libtirpc3 amd64 1.3.3+ds-1 [85.2 kB]
#11 18.16 Get:13 http://deb.debian.org/debian bookworm/main amd64 libxtables12 amd64 1.8.9-2 [30.8 kB]
#11 18.19 Get:14 http://deb.debian.org/debian bookworm/main amd64 libcap2-bin amd64 1:2.66-4+deb12u2+b2 [35.2 kB]
#11 18.27 Get:15 http://deb.debian.org/debian bookworm/main amd64 iproute2 amd64 6.1.0-3 [1046 kB]
#11 19.63 Get:16 http://deb.debian.org/debian-security bookworm-security/main amd64 openssl amd64 3.0.19-1~deb12u2 [1435 kB]
#11 20.63 Get:17 http://deb.debian.org/debian bookworm/main amd64 ca-certificates all 20230311+deb12u1 [155 kB]
#11 20.71 Get:18 http://deb.debian.org/debian bookworm/main amd64 krb5-locales all 1.20.1-2+deb12u4 [63.4 kB]
#11 20.75 Get:19 http://deb.debian.org/debian bookworm/main amd64 libatm1 amd64 1:2.5.1-4+b2 [68.3 kB]
#11 20.79 Get:20 http://deb.debian.org/debian bookworm/main amd64 libpam-cap amd64 1:2.66-4+deb12u2+b2 [15.0 kB]
#11 20.93 debconf: delaying package configuration, since apt-utils is not installed
#11 20.97 Fetched 6020 kB in 5s (1328 kB/s)
#11 21.01 Selecting previously unselected package libelf1:amd64.
#11 21.01 (Reading database ... (Reading database ... 5%(Reading database ... 10%(Reading database ... 15%(Reading database ... 20%(Reading database ... 25%(Reading database ... 30%(Reading database ... 35%(Reading database ... 40%(Reading database ... 45%(Reading database ... 50%(Reading database ... 55%(Reading database ... 60%(Reading database ... 65%(Reading database ... 70%(Reading database ... 75%(Reading database ... 80%(Reading database ... 85%(Reading database ... 90%(Reading database ... 95%(Reading database ... 100%(Reading database ... 6096 files and directories currently installed.)
#11 21.01 Preparing to unpack .../00-libelf1_0.188-2.1_amd64.deb ...
#11 21.04 Unpacking libelf1:amd64 (0.188-2.1) ...
#11 ...

#9 [peer-alice builder  1/16] FROM docker.io/library/dart:stable@sha256:9c3e4eb8613c85a3089520054257f43e1bcf4d3752359abb6af32d18898d9b45
#9 sha256:57b264cec67d69dc9487adea9cdac3db1459af754dbca9e2499740773022023f 169.87MB / 232.94MB 34.3s
#9 sha256:57b264cec67d69dc9487adea9cdac3db1459af754dbca9e2499740773022023f 182.45MB / 232.94MB 35.5s
#9 sha256:57b264cec67d69dc9487adea9cdac3db1459af754dbca9e2499740773022023f 195.04MB / 232.94MB 36.8s
#9 sha256:57b264cec67d69dc9487adea9cdac3db1459af754dbca9e2499740773022023f 208.67MB / 232.94MB 38.2s
#9 sha256:57b264cec67d69dc9487adea9cdac3db1459af754dbca9e2499740773022023f 222.30MB / 232.94MB 39.5s
#9 ...

#11 [peer-charlie stage-1 2/6] RUN apt-get update && apt-get install -y ca-certificates iproute2 && rm -rf /var/lib/apt/lists/*
#11 21.14 Selecting previously unselected package libbpf1:amd64.
#11 21.14 Preparing to unpack .../01-libbpf1_1%3a1.1.2-0+deb12u1_amd64.deb ...
#11 21.15 Unpacking libbpf1:amd64 (1:1.1.2-0+deb12u1) ...
#11 21.24 Selecting previously unselected package libbsd0:amd64.
#11 21.25 Preparing to unpack .../02-libbsd0_0.11.7-2_amd64.deb ...
#11 21.26 Unpacking libbsd0:amd64 (0.11.7-2) ...
#11 21.34 Selecting previously unselected package libmnl0:amd64.
#11 21.34 Preparing to unpack .../03-libmnl0_1.0.4-3_amd64.deb ...
#11 21.35 Unpacking libmnl0:amd64 (1.0.4-3) ...
#11 21.44 Selecting previously unselected package libkrb5support0:amd64.
#11 21.44 Preparing to unpack .../04-libkrb5support0_1.20.1-2+deb12u4_amd64.deb ...
#11 21.45 Unpacking libkrb5support0:amd64 (1.20.1-2+deb12u4) ...
#11 21.52 Selecting previously unselected package libk5crypto3:amd64.
#11 21.52 Preparing to unpack .../05-libk5crypto3_1.20.1-2+deb12u4_amd64.deb ...
#11 21.53 Unpacking libk5crypto3:amd64 (1.20.1-2+deb12u4) ...
#11 21.61 Selecting previously unselected package libkeyutils1:amd64.
#11 21.61 Preparing to unpack .../06-libkeyutils1_1.6.3-2_amd64.deb ...
#11 21.62 Unpacking libkeyutils1:amd64 (1.6.3-2) ...
#11 21.70 Selecting previously unselected package libssl3:amd64.
#11 21.70 Preparing to unpack .../07-libssl3_3.0.19-1~deb12u2_amd64.deb ...
#11 21.70 Unpacking libssl3:amd64 (3.0.19-1~deb12u2) ...
#11 22.09 Selecting previously unselected package libkrb5-3:amd64.
#11 22.09 Preparing to unpack .../08-libkrb5-3_1.20.1-2+deb12u4_amd64.deb ...
#11 22.15 Unpacking libkrb5-3:amd64 (1.20.1-2+deb12u4) ...
#11 22.26 Selecting previously unselected package libgssapi-krb5-2:amd64.
#11 22.26 Preparing to unpack .../09-libgssapi-krb5-2_1.20.1-2+deb12u4_amd64.deb ...
#11 22.27 Unpacking libgssapi-krb5-2:amd64 (1.20.1-2+deb12u4) ...
#11 22.34 Selecting previously unselected package libtirpc-common.
#11 22.34 Preparing to unpack .../10-libtirpc-common_1.3.3+ds-1_all.deb ...
#11 22.35 Unpacking libtirpc-common (1.3.3+ds-1) ...
#11 22.44 Selecting previously unselected package libtirpc3:amd64.
#11 22.44 Preparing to unpack .../11-libtirpc3_1.3.3+ds-1_amd64.deb ...
#11 22.45 Unpacking libtirpc3:amd64 (1.3.3+ds-1) ...
#11 22.55 Selecting previously unselected package libxtables12:amd64.
#11 22.55 Preparing to unpack .../12-libxtables12_1.8.9-2_amd64.deb ...
#11 22.56 Unpacking libxtables12:amd64 (1.8.9-2) ...
#11 22.63 Selecting previously unselected package libcap2-bin.
#11 22.63 Preparing to unpack .../13-libcap2-bin_1%3a2.66-4+deb12u2+b2_amd64.deb ...
#11 22.64 Unpacking libcap2-bin (1:2.66-4+deb12u2+b2) ...
#11 22.73 Selecting previously unselected package iproute2.
#11 22.73 Preparing to unpack .../14-iproute2_6.1.0-3_amd64.deb ...
#11 22.74 Unpacking iproute2 (6.1.0-3) ...
#11 22.92 Selecting previously unselected package openssl.
#11 22.93 Preparing to unpack .../15-openssl_3.0.19-1~deb12u2_amd64.deb ...
#11 22.94 Unpacking openssl (3.0.19-1~deb12u2) ...
#11 23.12 Selecting previously unselected package ca-certificates.
#11 23.12 Preparing to unpack .../16-ca-certificates_20230311+deb12u1_all.deb ...
#11 23.12 Unpacking ca-certificates (20230311+deb12u1) ...
#11 23.22 Selecting previously unselected package krb5-locales.
#11 23.22 Preparing to unpack .../17-krb5-locales_1.20.1-2+deb12u4_all.deb ...
#11 23.23 Unpacking krb5-locales (1.20.1-2+deb12u4) ...
#11 23.34 Selecting previously unselected package libatm1:amd64.
#11 23.34 Preparing to unpack .../18-libatm1_1%3a2.5.1-4+b2_amd64.deb ...
#11 23.35 Unpacking libatm1:amd64 (1:2.5.1-4+b2) ...
#11 23.46 Selecting previously unselected package libpam-cap:amd64.
#11 23.46 Preparing to unpack .../19-libpam-cap_1%3a2.66-4+deb12u2+b2_amd64.deb ...
#11 23.47 Unpacking libpam-cap:amd64 (1:2.66-4+deb12u2+b2) ...
#11 23.57 Setting up libkeyutils1:amd64 (1.6.3-2) ...
#11 23.60 Setting up libtirpc-common (1.3.3+ds-1) ...
#11 23.63 Setting up libssl3:amd64 (3.0.19-1~deb12u2) ...
#11 23.66 Setting up krb5-locales (1.20.1-2+deb12u4) ...
#11 23.69 Setting up libatm1:amd64 (1:2.5.1-4+b2) ...
#11 23.72 Setting up libkrb5support0:amd64 (1.20.1-2+deb12u4) ...
#11 23.78 Setting up libcap2-bin (1:2.66-4+deb12u2+b2) ...
#11 23.81 Setting up libmnl0:amd64 (1.0.4-3) ...
#11 23.84 Setting up libk5crypto3:amd64 (1.20.1-2+deb12u4) ...
#11 23.87 Setting up libxtables12:amd64 (1.8.9-2) ...
#11 23.91 Setting up libkrb5-3:amd64 (1.20.1-2+deb12u4) ...
#11 23.94 Setting up openssl (3.0.19-1~deb12u2) ...
#11 24.01 Setting up libbsd0:amd64 (0.11.7-2) ...
#11 24.05 Setting up libelf1:amd64 (0.188-2.1) ...
#11 24.09 Setting up libpam-cap:amd64 (1:2.66-4+deb12u2+b2) ...
#11 24.21 debconf: unable to initialize frontend: Dialog
#11 24.21 debconf: (TERM is not set, so the dialog frontend is not usable.)
#11 24.21 debconf: falling back to frontend: Readline
#11 24.21 debconf: unable to initialize frontend: Readline
#11 24.21 debconf: (Can't locate Term/ReadLine.pm in @INC (you may need to install the Term::ReadLine module) (@INC contains: /etc/perl /usr/local/lib/x86_64-linux-gnu/perl/5.36.0 /usr/local/share/perl/5.36.0 /usr/lib/x86_64-linux-gnu/perl5/5.36 /usr/share/perl5 /usr/lib/x86_64-linux-gnu/perl-base /usr/lib/x86_64-linux-gnu/perl/5.36 /usr/share/perl/5.36 /usr/local/lib/site_perl) at /usr/share/perl5/Debconf/FrontEnd/Readline.pm line 7.)
#11 24.21 debconf: falling back to frontend: Teletype
#11 24.32 Setting up libbpf1:amd64 (1:1.1.2-0+deb12u1) ...
#11 24.35 Setting up ca-certificates (20230311+deb12u1) ...
#11 24.45 debconf: unable to initialize frontend: Dialog
#11 24.45 debconf: (TERM is not set, so the dialog frontend is not usable.)
#11 24.45 debconf: falling back to frontend: Readline
#11 24.45 debconf: unable to initialize frontend: Readline
#11 24.45 debconf: (Can't locate Term/ReadLine.pm in @INC (you may need to install the Term::ReadLine module) (@INC contains: /etc/perl /usr/local/lib/x86_64-linux-gnu/perl/5.36.0 /usr/local/share/perl/5.36.0 /usr/lib/x86_64-linux-gnu/perl5/5.36 /usr/share/perl5 /usr/lib/x86_64-linux-gnu/perl-base /usr/lib/x86_64-linux-gnu/perl/5.36 /usr/share/perl/5.36 /usr/local/lib/site_perl) at /usr/share/perl5/Debconf/FrontEnd/Readline.pm line 7.)
#11 24.45 debconf: falling back to frontend: Teletype
#11 25.05 Updating certificates in /etc/ssl/certs...
#11 25.67 142 added, 0 removed; done.
#11 25.83 Setting up libgssapi-krb5-2:amd64 (1.20.1-2+deb12u4) ...
#11 25.90 Setting up libtirpc3:amd64 (1.3.3+ds-1) ...
#11 25.93 Setting up iproute2 (6.1.0-3) ...
#11 26.14 debconf: unable to initialize frontend: Dialog
#11 26.14 debconf: (TERM is not set, so the dialog frontend is not usable.)
#11 26.14 debconf: falling back to frontend: Readline
#11 26.14 debconf: unable to initialize frontend: Readline
#11 26.14 debconf: (Can't locate Term/ReadLine.pm in @INC (you may need to install the Term::ReadLine module) (@INC contains: /etc/perl /usr/local/lib/x86_64-linux-gnu/perl/5.36.0 /usr/local/share/perl/5.36.0 /usr/lib/x86_64-linux-gnu/perl5/5.36 /usr/share/perl5 /usr/lib/x86_64-linux-gnu/perl-base /usr/lib/x86_64-linux-gnu/perl/5.36 /usr/share/perl/5.36 /usr/local/lib/site_perl) at /usr/share/perl5/Debconf/FrontEnd/Readline.pm line 7.)
#11 26.14 debconf: falling back to frontend: Teletype
#11 26.19 Processing triggers for libc-bin (2.36-9+deb12u13) ...
#11 26.22 Processing triggers for ca-certificates (20230311+deb12u1) ...
#11 26.24 Updating certificates in /etc/ssl/certs...
#11 26.74 0 added, 0 removed; done.
#11 26.74 Running hooks in /etc/ca-certificates/update.d...
#11 26.75 done.
#11 DONE 27.6s

#9 [peer-alice builder  1/16] FROM docker.io/library/dart:stable@sha256:9c3e4eb8613c85a3089520054257f43e1bcf4d3752359abb6af32d18898d9b45
#9 sha256:57b264cec67d69dc9487adea9cdac3db1459af754dbca9e2499740773022023f 232.94MB / 232.94MB 40.6s done
#9 extracting sha256:57b264cec67d69dc9487adea9cdac3db1459af754dbca9e2499740773022023f
#9 extracting sha256:57b264cec67d69dc9487adea9cdac3db1459af754dbca9e2499740773022023f 2.9s done
#9 DONE 44.0s

#9 [peer-alice builder  1/16] FROM docker.io/library/dart:stable@sha256:9c3e4eb8613c85a3089520054257f43e1bcf4d3752359abb6af32d18898d9b45
#9 extracting sha256:57b264cec67d69dc9487adea9cdac3db1459af754dbca9e2499740773022023f 2.9s done
#9 DONE 44.0s

#12 [peer-alice builder  2/16] WORKDIR /build
#12 DONE 0.8s

#12 [peer-bob builder  2/16] WORKDIR /build
#12 DONE 0.8s

#13 [peer-dave builder  3/16] COPY packages/iermes ./packages/iermes
#13 DONE 0.4s

#13 [peer-dave builder  3/16] COPY packages/iermes ./packages/iermes
#13 DONE 0.4s

#14 [peer-charlie builder  4/16] COPY packages/ermes_storage ./packages/ermes_storage
#14 DONE 0.4s

#14 [peer-dave builder  4/16] COPY packages/ermes_storage ./packages/ermes_storage
#14 DONE 0.4s

#15 [peer-dave builder  5/16] COPY packages/ermes_cipher ./packages/ermes_cipher
#15 DONE 0.5s

#15 [peer-dave builder  5/16] COPY packages/ermes_cipher ./packages/ermes_cipher
#15 DONE 0.5s

#16 [peer-dave builder  6/16] COPY packages/ermes_id_handler ./packages/ermes_id_handler
#16 DONE 0.4s

#16 [peer-charlie builder  6/16] COPY packages/ermes_id_handler ./packages/ermes_id_handler
#16 DONE 0.4s

#17 [peer-dave builder  7/16] COPY packages/ermes_message_control ./packages/ermes_message_control
#17 DONE 0.3s

#17 [peer-charlie builder  7/16] COPY packages/ermes_message_control ./packages/ermes_message_control
#17 DONE 0.3s

#18 [peer-alice builder  8/16] COPY packages/ermes_signaling ./packages/ermes_signaling
#18 DONE 0.2s

#18 [peer-dave builder  8/16] COPY packages/ermes_signaling ./packages/ermes_signaling
#18 DONE 0.2s

#19 [peer-charlie builder  9/16] COPY packages/ermes_core ./packages/ermes_core
#19 DONE 0.5s

#19 [peer-dave builder  9/16] COPY packages/ermes_core ./packages/ermes_core
#19 DONE 0.5s

#20 [peer-alice builder 10/16] COPY packages/ermes_test ./packages/ermes_test
#20 DONE 0.7s

#20 [peer-dave builder 10/16] COPY packages/ermes_test ./packages/ermes_test
#20 DONE 0.7s

#21 [peer-charlie builder 11/16] COPY packages/ermes_peer_node ./packages/ermes_peer_node
#21 DONE 0.1s

#21 [peer-bob builder 11/16] COPY packages/ermes_peer_node ./packages/ermes_peer_node
#21 DONE 0.1s

#22 [peer-alice builder 12/16] COPY pubspec.yaml .
#22 DONE 0.1s

#22 [peer-dave builder 12/16] COPY pubspec.yaml .
#22 DONE 0.1s

#23 [peer-dave builder 13/16] RUN sed -i '/path: ..\/SingleHandShakeProtocolDart/,+1d' pubspec.yaml
#23 DONE 0.4s

#23 [peer-bob builder 13/16] RUN sed -i '/path: ..\/SingleHandShakeProtocolDart/,+1d' pubspec.yaml
#23 DONE 0.4s

#24 [peer-dave builder 14/16] WORKDIR /build/packages/ermes_peer_node
#24 DONE 0.1s

#24 [peer-bob builder 14/16] WORKDIR /build/packages/ermes_peer_node
#24 DONE 0.1s

#25 [peer-alice builder 15/16] RUN dart pub get
#25 0.378 Resolving dependencies in `/build`...
#25 1.323 Downloading packages...
#25 6.490 + _fe_analyzer_shared 96.0.0 (99.0.0 available)
#25 6.490 + analyzer 10.2.0 (12.1.0 available)
#25 6.490 + ansi_styles 0.3.2+1
#25 6.490 + archive 4.0.9
#25 6.490 + args 2.7.0
#25 6.490 + async 2.13.1
#25 6.490 + barrel_files_annotation 0.3.0
#25 6.490 + basic_utils 5.8.2
#25 6.490 + boolean_selector 2.1.2
#25 6.490 + build 4.0.5
#25 6.490 + build_config 1.3.0
#25 6.490 + build_daemon 4.1.1
#25 6.490 + build_runner 2.13.1
#25 6.490 + built_collection 5.1.1
#25 6.490 + built_value 8.12.5
#25 6.490 + callback_handler 0.0.3
#25 6.490 + charcode 1.4.0
#25 6.490 + checked_yaml 2.0.4
#25 6.490 + cli_config 0.2.0
#25 6.490 + cli_launcher 0.3.3+1
#25 6.490 + cli_util 0.4.2
#25 6.490 + clock_dart 1.0.0
#25 6.490 + code_builder 4.11.1
#25 6.490 + collection 1.19.1
#25 6.490 + console 4.1.0
#25 6.490 + conventional_commit 0.6.1+1
#25 6.490 + convert 3.1.2
#25 6.490 + coverage 1.15.0
#25 6.490 + cryptdart 0.2.0
#25 6.490 + crypto 3.0.7
#25 6.490 + dart_style 3.1.7 (3.1.8 available)
#25 6.490 + eip1559 0.6.2
#25 6.490 + eip55 1.0.3
#25 6.490 + ffi 2.2.0
#25 6.490 + file 7.0.1
#25 6.490 + fixnum 1.1.1
#25 6.490 + frontend_server_client 4.0.0
#25 6.490 + glob 2.1.3
#25 6.490 + graphs 2.3.2
#25 6.490 + http 1.6.0
#25 6.490 + http_multi_server 3.2.2
#25 6.490 + http_parser 4.1.2
#25 6.490 + index_generator 4.1.2
#25 6.490 + io 1.0.5
#25 6.490 + json_annotation 4.11.0
#25 6.490 + json_rpc_2 4.1.0
#25 6.490 + json_serializable 6.13.1
#25 6.490 + lints 3.0.0 (6.1.0 available)
#25 6.490 + logging 1.3.0
#25 6.490 + matcher 0.12.19
#25 6.490 + melos 7.5.1
#25 6.490 + meta 1.18.2
#25 6.490 + mime 2.0.0
#25 6.490 + mustache_template 2.0.4
#25 6.490 + node_preamble 2.0.2
#25 6.490 + ntp 2.0.0
#25 6.490 + package_config 2.2.0
#25 6.490 + path 1.9.1
#25 6.490 + petitparser 7.0.2
#25 6.490 + platform 3.1.6
#25 6.490 + pointycastle 4.0.0
#25 6.490 + pool 1.5.2
#25 6.490 + posix 6.5.0
#25 6.490 + process 5.0.5
#25 6.490 + prompts 2.0.0
#25 6.490 + pub_semver 2.2.0
#25 6.490 + pub_updater 0.5.0
#25 6.490 + pubspec_parse 1.5.0
#25 6.490 + sec 1.1.1
#25 6.490 + shelf 1.4.2
#25 6.490 + shelf_packages_handler 3.0.2
#25 6.490 + shelf_static 1.1.3
#25 6.490 + shelf_web_socket 3.0.0
#25 6.490 ! shsp 1.7.1 (overridden)
#25 6.490 + signaling_contract_sdk 2.0.0
#25 6.490 + singleton_manager 0.6.1
#25 6.490 + singleton_manager_generator 1.4.0
#25 6.490 + source_gen 4.2.2
#25 6.490 + source_helper 1.3.11
#25 6.490 + source_map_stack_trace 2.1.2
#25 6.490 + source_maps 0.10.13
#25 6.490 + source_span 1.10.2
#25 6.490 + stack_trace 1.12.1
#25 6.490 + stream_channel 2.1.4
#25 6.490 + stream_transform 2.1.1
#25 6.490 + string_scanner 1.4.1
#25 6.490 + stun 1.5.0
#25 6.490 + stun_shsp 0.1.5
#25 6.490 + term_glyph 1.2.2
#25 6.490 + test 1.31.0
#25 6.490 + test_api 0.7.11
#25 6.490 + test_core 0.6.17
#25 6.490 + typed_data 1.4.0
#25 6.490 + uuid 4.5.3
#25 6.490 + vector_math 2.3.0
#25 6.490 + vm_service 15.0.2
#25 6.490 + wallet 0.0.18
#25 6.490 + watcher 1.2.1
#25 6.490 + web 1.1.1
#25 6.490 + web3dart 3.0.2
#25 6.490 + web_socket 1.0.1
#25 6.490 + web_socket_channel 3.0.3
#25 6.490 + webkit_inspection_protocol 1.2.1
#25 6.490 + work_db 1.2.0
#25 6.490 + xml 6.6.1
#25 6.490 + yaml 3.1.3
#25 6.490 + yaml_edit 2.2.4
#25 6.490 Changed 106 dependencies in `/build`!
#25 6.490 4 packages have newer versions incompatible with dependency constraints.
#25 6.490 Try `dart pub outdated` for more information.
#25 DONE 8.0s

#25 [peer-bob builder 15/16] RUN dart pub get
#25 DONE 8.0s

#26 [peer-alice builder 16/16] RUN dart compile exe bin/main.dart -o /build/peer_node
#26 10.11 Generated: /build/peer_node
#26 DONE 10.4s

#26 [peer-dave builder 16/16] RUN dart compile exe bin/main.dart -o /build/peer_node
#26 DONE 10.4s

#27 [peer-dave stage-1 3/6] COPY --from=builder /build/peer_node /app/peer_node
#27 DONE 0.2s

#27 [peer-dave stage-1 3/6] COPY --from=builder /build/peer_node /app/peer_node
#27 DONE 0.2s

#28 [peer-charlie stage-1 4/6] COPY scripts/entrypoint-peer.sh /app/entrypoint.sh
#28 DONE 0.1s

#28 [peer-bob stage-1 4/6] COPY scripts/entrypoint-peer.sh /app/entrypoint.sh
#28 DONE 0.1s

#29 [peer-bob stage-1 5/6] RUN chmod +x /app/entrypoint.sh
#29 DONE 0.4s

#29 [peer-dave stage-1 5/6] RUN chmod +x /app/entrypoint.sh
#29 DONE 0.4s

#30 [peer-alice stage-1 6/6] WORKDIR /app
#30 DONE 0.1s

#30 [peer-bob stage-1 6/6] WORKDIR /app
#30 DONE 0.1s

#31 [peer-dave] exporting to image
#31 exporting layers
#31 exporting layers 1.7s done
#31 exporting manifest sha256:92330746074f9c11f66575f87abf0c85d58f5f7f11c37e3fd53afc99537a687b
#31 exporting manifest sha256:92330746074f9c11f66575f87abf0c85d58f5f7f11c37e3fd53afc99537a687b 0.2s done
#31 exporting config sha256:e3ee14bfcb25ea67826bbda9bcd91cb9de230263e948f17902ca1deefddf0657
#31 exporting config sha256:e3ee14bfcb25ea67826bbda9bcd91cb9de230263e948f17902ca1deefddf0657 0.2s done
#31 exporting attestation manifest sha256:3d84e9995973348e59c536c4b24bb250767b1fba12a54ae1135b3d9c5ed14685
#31 exporting attestation manifest sha256:3d84e9995973348e59c536c4b24bb250767b1fba12a54ae1135b3d9c5ed14685 0.3s done
#31 exporting manifest list sha256:4779d2c37fe5b8a0825b321f1895d510a6fc34f3f97752b624f9d69ae97dc2a8
#31 exporting manifest list sha256:4779d2c37fe5b8a0825b321f1895d510a6fc34f3f97752b624f9d69ae97dc2a8 0.3s done
#31 naming to docker.io/library/ermesdart-peer-dave:latest
#31 naming to docker.io/library/ermesdart-peer-dave:latest 0.1s done
#31 unpacking to docker.io/library/ermesdart-peer-dave:latest
#31 ...

#32 [peer-bob] exporting to image
#32 exporting layers 1.7s done
#32 exporting manifest sha256:0f5b67c67ccb3721c27a2926e5defec08eaeb02f965832d5a64eafbaa91c581d 0.2s done
#32 exporting config sha256:837e2bf286f9e3514a8da31dccf33b9d9f934aa6ac99bb094e22ae9889b2df7e 0.2s done
#32 exporting attestation manifest sha256:8d0e76e85c2c8047832e5aac29290e4a63b43fc451a38b6fe6ed38d5cd743e47 0.3s done
#32 exporting manifest list sha256:e833492ffe5429d06933dc54a35228d6cf36e7fad7c194c04f5cb1d4172f1178 0.1s done
#32 naming to docker.io/library/ermesdart-peer-bob:latest 0.2s done
#32 unpacking to docker.io/library/ermesdart-peer-bob:latest 1.3s done
#32 DONE 4.3s

#33 [peer-alice] exporting to image
#33 exporting layers 1.7s done
#33 exporting manifest sha256:0b1e7d7224805e9c10b6e9ae212bb7b3b3648536f434baac1001e89c7b2e4b78 0.2s done
#33 exporting config sha256:9607982de08a2c544132101d31a0248974c2771385f974755284e366da54c364 0.2s done
#33 exporting attestation manifest sha256:f62d81fd872b20acd64d9e0ad4e5248fd17176913d228c0489a64ea5b980a724 0.3s done
#33 exporting manifest list sha256:bb35237616e7a973f1a73a99281aed7abc5bce391bb4cbc2489a2f5969a4164d 0.3s done
#33 naming to docker.io/library/ermesdart-peer-alice:latest 0.1s done
#33 unpacking to docker.io/library/ermesdart-peer-alice:latest 1.3s done
#33 DONE 4.3s

#34 [peer-charlie] exporting to image
#34 exporting layers 1.7s done
#34 exporting manifest sha256:24efa720b1a9a7fae86b8ecd5d0829240153a3f832b623d001a4cf562fbb8066 0.2s done
#34 exporting config sha256:6d4a25b44095f04d31d5a79f2623a7a1b4422db7b731017a4a502ebf6040082f 0.2s done
#34 exporting attestation manifest sha256:6c23157ca6dc4204f36e238cab96db941e24b3e74cf0d7c2dedc72b4a0c6b79c 0.3s done
#34 exporting manifest list sha256:7748f7df57b2e6a7aa3a6c11f73362c834af3ede35a774fc5f80633ee11d37af 0.1s done
#34 naming to docker.io/library/ermesdart-peer-charlie:latest 0.2s done
#34 unpacking to docker.io/library/ermesdart-peer-charlie:latest 1.3s done
#34 DONE 4.3s

#31 [peer-dave] exporting to image
#31 unpacking to docker.io/library/ermesdart-peer-dave:latest 1.3s done
#31 DONE 4.4s

#35 [peer-bob] resolving provenance for metadata file
#35 DONE 1.4s

#36 [peer-alice] resolving provenance for metadata file
#36 DONE 1.3s

#37 [peer-charlie] resolving provenance for metadata file
#37 DONE 0.5s

#38 [peer-dave] resolving provenance for metadata file
#38 DONE 0.1s
 Image ermesdart-peer-alice Built 
 Image ermesdart-peer-bob Built 
 Image ermesdart-peer-charlie Built 
 Image ermesdart-peer-dave Built 
 Network ermes-nat-addressrestricted-zone-b Creating 
 Network ermes-nat-addressrestricted-zone-b Created 
 Network ermes-nat-addressrestricted-public-net Creating 
 Network ermes-nat-addressrestricted-public-net Created 
 Network ermes-nat-addressrestricted-zone-a Creating 
 Network ermes-nat-addressrestricted-zone-a Created 
 Container ermes-nat-addressrestricted-stun-server Creating 
 Container ermes-nat-addressrestricted-ganache Creating 
 Container ermes-nat-addressrestricted-router Creating 
 Container ermes-nat-addressrestricted-router Created 
 Container ermes-nat-addressrestricted-ganache Created 
 Container ermes-nat-addressrestricted-contract-deployer Creating 
 Container ermes-nat-addressrestricted-stun-server Created 
 Container ermes-nat-addressrestricted-peer-bob Creating 
 Container ermes-nat-addressrestricted-peer-charlie Creating 
 Container ermes-nat-addressrestricted-peer-alice Creating 
 Container ermes-nat-addressrestricted-peer-dave Creating 
 Container ermes-nat-addressrestricted-peer-alice Created 
 Container ermes-nat-addressrestricted-peer-charlie Created 
 Container ermes-nat-addressrestricted-peer-dave Created 
 Container ermes-nat-addressrestricted-peer-bob Created 
 Container ermes-nat-addressrestricted-contract-deployer Created 
Attaching to ermes-nat-addressrestricted-contract-deployer, ermes-nat-addressrestricted-ganache, ermes-nat-addressrestricted-peer-alice, ermes-nat-addressrestricted-peer-bob, ermes-nat-addressrestricted-peer-charlie, ermes-nat-addressrestricted-peer-dave, ermes-nat-addressrestricted-router, ermes-nat-addressrestricted-stun-server
 Container ermes-nat-addressrestricted-ganache Starting 
 Container ermes-nat-addressrestricted-router Starting 
 Container ermes-nat-addressrestricted-stun-server Starting 
 Container ermes-nat-addressrestricted-stun-server Started 
 Container ermes-nat-addressrestricted-ganache Started 
Error response from daemon: failed to set up container networking: Address already in use
